DATE,ETF_CODE,ETF_NAME,FLOW_VALUE
20260903,1306,TOPIX ETF,-8416476960.0
20260903,1325,NEXT FUNDS Ibovespa Linked Exchange Traded Fund,-1747736028.0240555
20260903,1328,NEXT FUNDS Gold Price Exchange Traded Fund,-1578620759636.9517
20260903,1329,iShares Nikkei 225 ETF,1918904690.0
20260903,1343,NEXT FUNDS REIT INDEX ETF,143010600.0
20260903,1356,TOPIX Bear -2x ETF,-49008.0
20260903,1357,NEXT FUNDS Nikkei 225 Double Inverse Index Exchange Traded Fund,-10360350.0
20260903,1360,Nikkei225 Bear -2x ETF,-5083650.0
20260903,1458,Rakuten ETF-Nikkei 225 Leveraged Index,2123550.0
20260903,1459,Rakuten ETF-Nikkei 225 Double Inverse Index,-1608750.0
20260903,1469,JPX-Nikkei 400 Bear -2x Double Inverse ETF,-220290.0
20260903,1472,NEXT FUNDS JPX-Nikkei 400 Double Inverse Index Exchange Traded Fund,-146860.0
20260903,1473,One ETF TOPIX,20576516620.0
20260903,1474,One ETF JPX-Nikkei400,-36715.0
20260903,1476,iShares Japan REIT ETF,276384226.5
20260903,1478,iShares MSCI Japan High Dividend ETF,-2156597680.0
20260903,1482,iShares US Treasury Bond 7-10 Year JPY Hedged ETF,-770790265941.9469
20260903,1483,iShares JPX/S&P CAPEX & Human Capital ETF,26074720.0
20260903,1484,One ETF JPX/S&P CAPEX & Human Capital Index,-3241540.0
20260903,1489,NEXT FUNDS Nikkei 225 High Dividend Yield Stock 50 Index Exchange Traded Fund,1738457276.0
20260903,1545,NEXT FUNDS NASDAQ-100,-399515804213.72546
20260903,1546,NEXT FUNDS Dow Jones Industrial Average Exchange Traded Fund,-225293212103.37723
20260903,1550,MAXIS Global Equity (MSCI Kokusai),654954500.2887008
20260903,1559,NEXT FUNDS Thai Stock SET50 Exchange Traded Fund,-7356692859.04772
20260903,1560,NEXT FUNDS FTSE Bursa Malaysia KLCI Exchange Traded Fund,-916101642.7076702
20260903,1563,TSE Growth Core ETF,-493084000.0
20260903,1568,TOPIX Bull 2x ETF,-126604.0
20260903,1569,TOPIX Bear -1x ETF,-12252.0
20260903,1570,NEXT FUNDS Nikkei 225 Leveraged Index Exchange Traded Fund,-38481300.0
20260903,1571,NEXT FUNDS Nikkei 225 Inverse Index Exchange Traded Fund,-514800.0
20260903,1572,China Bull 2x HSCEI ETF,8418.0
20260903,1577,NEXT FUNDS Nomura Japan Equity High Dividend 70 Exchange Traded Fund,-798065220.0
20260903,1579,Nikkei 225 Bull 2x ETF,-4118400.0
20260903,1580,Nikkei 225 Bear -1x ETF,-321750.0
20260903,1591,NEXT FUNDS JPX-Nikkei Index 400 Exchange Traded Fund,-7103178520.0
20260903,1593,MAXIS JPX-Nikkei Index 400 ETF,-36715.0
20260903,1597,MAXIS J-REIT ETF,110199700.0
20260903,1615,TOPIX Banks,-839295210.0
20260903,1618,NEXT FUNDS TOPIX-17 ENERGY RESOURCES ETF,-649321800.0
20260903,1623,NEXT FUNDS TOPIX-17 STEEL & NONFERROUS ETF,2684987300.0
20260903,1625,NEXT FUNDS TOPIX-17 ELECTRIC APPLIANCES & PRECISION INSTRUMENTS ETF,-377977190.0
20260903,1627,NEXT FUNDS TOPIX-17 ELECTRIC POWER & GAS ETF,678636230.0
20260903,1628,NEXT FUNDS TOPIX-17 TRANSPORTATION & LOGISTICS ETF,659497700.0
20260903,1629,NEXT FUNDS TOPIX-17 COMMERCIAL & WHOLESALE TRADE ETF,4005500.0
20260903,1630,NEXT FUNDS TOPIX-17 RETAIL TRADE ETF,-776950910.0
20260903,1631,NEXT FUNDS TOPIX-17 BANKS ETF,-484447250.0
20260903,1632,NEXT FUNDS TOPIX-17 FINANCIALS (EX BANKS) ETF,-1977928880.0
20260903,1655,iShares S&P 500 ETF,2079455.95
20260903,1656,iShares Core 7-10 Year US Treasury Bond ETF,-9270445630.599998
20260903,1657,iShares Core MSCI Kokusai ETF,303090.72000000003
20260903,1660,MAXIS High Yield J-REIT ETF,312333750.0
20260903,1678,NEXT FUNDS Nifty Linked Exchange Traded Fund,-2641950043100.3438
20260903,1699,NEXT FUNDS NOMURA Crude Oil Long Index Linked Exchange Traded Fund,29172734581.541374
20260903,170A,SMT ETF Japan Equity Income Strategy Active,-1147731.141342684
20260903,179A,Global X 25+ Year T-Bond ETF (JPY Hedged),0.0
20260903,180A,Global X 25+ Year T-Bond ETF,0.0
20260903,181A,MAXIS US Treasury Bond 1-3 Year ETF (Unhedged),3470465.5950521394
20260903,182A,MAXIS US Treasury Bond 20+ Year ETF (Unhedged),5460683.868088489
20260903,183A,MAXIS US Treasury Bond 20+ Year ETF (JPY Hedged),5137109995.574101
20260903,200A,NEXT FUNDS Nikkei Semiconductor Stock Index Exchange Traded Fund,207322000.0
20260903,2012,iShares 0-3 Month US Treasury Bond ETF,605719679.0000005
20260903,2083,NEXT FUNDS Japan Growth Equity Active Exchange Traded Fund,-38247100.0
20260903,221A,MAXIS Nikkei Semiconductor Stock (Japan) ETF,10575663.67351822
20260903,2241,MAXIS NY Dow Industrial Average ETF,846110.3320775543
20260903,2242,MAXIS NY Dow Industrial Average ETF (JPY Hedged),1474561.508472074
20260903,2245,NEXT FUNDS Bloomberg Germany Treasury Bond (7-10 year) Index (Yen-Hedged) Exchange Traded Fund,-377886331.398491
20260903,2251,NEXT FUNDS JPX JGB Futures Double Inverse Index Exchange Traded Fund,8897.72
20260903,2255,iShares 20+ Year US Treasury Bond ETF,866923922.4000001
20260903,2256,iShares US Aggregate Bond ETF,275600.95999999996
20260903,2259,iShares 7-10 Year France Government Bond JPY Hedged ETF,-16259685754.544
20260903,237A,iShares 25+ Year US Treasury Bond Long Duration ETF,210242299.29999995
20260903,238A,iShares 25+ Year US Treasury Bond Long Duration JPY Hedged ETF,-128562712329.96298
20260903,2510,NEXT FUNDS Japan Bond NOMURA-BPI Exchange Traded Fund,66231459311.97305
20260903,2511,NEXT FUNDS International Bond FTSE World Government Bond Index (ex Japan Unhedged) Exchange Traded Fund,-167963103873.0534
20260903,2512,NEXT FUNDS International Bond FTSE World Government Bond Index (ex Japan Yen-Hedged) Exchange Traded Fund,60188690773911.2
20260903,2513,NEXT FUNDS International Equity MSCI-KOKUSAI (Unhedged) Exchange Traded Fund,-506242124533.8801
20260903,2514,NEXT FUNDS International Equity MSCI-KOKUSAI (Yen-Hedged) Exchange Traded Fund,2818459447439.239
20260903,2515,NEXT FUNDS International REIT S&P Developed REIT Index (ex Japan Unhedged) Exchange Traded Fund,16720915110.707449
20260903,2516,TSE Mothers ETF,-135800.0
20260903,2517,MAXIS J-REIT Core ETF,215715800.0
20260903,2519,NEXT FUNDS Emerging Market Bond J.P. Morgan EMBI Plus (Unhedged) Exchange Traded Fund,42801410.84752737
20260903,2520,NEXT FUNDS Emerging Market Equity MSCI-EM (Unhedged) Exchange Traded Fund,-135026977329.96967
20260903,2527,NZAM ETF J-REIT Core Index,-106136900.0
20260903,2553,One ETF Southern China A-Share CSI 500,0.0
20260903,2554,NEXT FUNDS Bloomberg Barclays US Intermediate Corporate Index (JPY Hedged) Exchange Traded Fund,-2607673.8729237765
20260903,2557,SMDAM TOPIX ETF,232000.0
20260903,2558,MAXIS S&P500 US Equity,-124618127.09067692
20260903,2559,MAXIS World Equity (MSCI ACWI),-1293170554362.9365
20260903,2563,iShares S&P 500 JPY Hedged ETF,0.0
20260903,257A,SMT ETF Selected Japan Equity Active,11079464.936563598
20260903,2620,iShares 1-3 Year US Treasury Bond ETF,2876905648.199999
20260903,2621,iShares 20+ Year US Treasury Bond JPY Hedged ETF,-2659210155028.6226
20260903,2630,MAXIS S&P500 US Equity (JPY Hedged),3157568074.061271
20260903,2631,MAXIS NASDAQ100,-88558110.46706621
20260903,2632,MAXIS NASDAQ100 (JPY Hedged),-38833272.35869464
20260903,2633,NEXT FUNDS S&P 500 (Unhedged) Exchange Traded Fund,-52067308869.73902
20260903,2634,NEXT FUNDS S&P 500 (Yen-Hedged) Exchange Traded Fund,2037520012199.9587
20260903,2647,NEXT FUNDS Bloomberg US Treasury Bond (7-10 year) Index (Unhedged) Exchange Traded Fund,1556146.2121401809
20260903,2648,NEXT FUNDS Bloomberg US Treasury Bond (7-10 year) Index (Yen-Hedged) Exchange Traded Fund,-9404883.855766058
20260903,2649,iShares Ginnie Mae MBS JPY Hedged ETF,-21356154018.079998
20260903,273A,SBI Saudi Arabia Equity Exchange Traded Fund,-1319.7504719704898
20260903,2838,MAXIS 7-10 Year US Treasury Bond ETF (Unhedged),-149770594.5454898
20260903,2839,MAXIS 7-10 Year US Treasury Bond ETF (Hedged),6006455979.61488
20260903,2845,NEXT FUNDS NASDAQ-100(R) (Yen-Hedged) Exchange Traded Fund,2372540577234.0293
20260903,2846,NEXT FUNDS DJIA (Yen-Hedged) Exchange Traded Fund,5050237260697.056
20260903,2853,iShares Climate Risk-Adjusted Global ex Japan Government Bond JPY Hedged ETF,12545885806514.55
20260903,2856,iShares 3-7 Year US Treasury Bond JPY Hedged ETF,-934244095779.8966
20260903,2857,iShares Germany Government Bond JPY Hedged ETF,-301126777437.2429
20260903,2858,Global X Nikkei 225 Covered Call ETF (option premium reinvestment type),1285520.0
20260903,2859,NEXT FUNDS EURO STOXX 50 (Yen-Hedged) Exchange Traded Fund,194164625956.4792
20260903,2860,NEXT FUNDS German Equity DAX (Yen-Hedged) Exchange Traded Fund,716715601933.7716
20260903,295A,One ETF FTSE Saudi Arabia ETF,0.0
20260903,314A,iShares Gold ETF,-2062730.85
20260903,346A,NEXT FUNDS S&P 500 Semiconductors & Semiconductor Equipment (Industry Group) 35% Capped Index Exchange Traded Fund,-8678385029.60895
20260903,348A,MAXIS Yomiuri333 Japan Stock ETF,309959.17089329107
20260903,349A,SMDAM Active ETF Japanese Gross Equities,-127500.0
20260903,364A,NEXT FUNDS S&P 500 Dividend Aristocrats Index Exchange Traded Fund,-445465839.33299875
20260903,376A,NEXT FUNDS Bloomberg US Treasury Bond (7-10 year) Index (75% Yen-Hedged) Exchange Traded Fund,-131166669.05624071
20260903,380A,Global X China Tech ETF,71576.1378334
20260903,383A,MAXIS S&P500 Equal Weight ETF,-414475.3453431083
20260903,404A,Global X China Tech Top 10 ETF,29705.94597342
20260903,412A,NEXT FUNDS TIP FactSet Taiwan Innovative Technology 50 Index Exchange Traded Fund,4345.339933726744
20260903,447A,State Street SPDR Gold ETF (JPY Unhedged),0.0
20260903,448A,State Street SPDR Gold ETF (JPY Hedged),615503595.2183231
20260903,449A,State Street SPDR S&P 500 ETF (JPY Unhedged),-69578568.1918811
20260903,450A,State Street SPDR S&P 500 ETF (JPY Hedged),24070974077.629944
20260903,451A,State Street SPDR S&P 500 High Dividend ETF (JPY Unhedged),0.0
20260903,461A,MAXIS Japan Equity High Dividend SMART 50 ETF,1007.9017115873353
20260903,486A,NEXT FUNDS EURO STOXX 50 (Unhedged) Exchange Traded Fund,-846396299.386789
20260903,487A,NEXT FUNDS German Equity DAX (Unhedged) Exchange Traded Fund,-583592578.4584845
20260903,488A,iShares Yen Appreciation Focus ETF,-88772042961.00719
20260903,491A,iShares S&P 500 Ex-Financials JPY Hedged ETF,0.0
20260903,531A,NZAM ETF Nikkei High Dividend 50,0.0
20260903,532A,NZAM ETF TOPIX High Dividend 40,0.0
20260903,552A,MAXIS US AI Infrastructure Equity ETF,-873668.6189983311
20260903,563A,Global X Nasdaq 100 Daily Covered Call ETF,-22449856225.105087
20260903,569A,iShares Platinum ETF,-1266.0
20260903,576A,Global X China Tech Covered Call ETF,-410.96160000000003
20260903,586A,NEXT FUNDS Nikkei Japan Entertainment Content Stock Index Exchange Traded Fund,125993750.0
20260903,606A,Gold 2x Bull ETF,-771154.0
20260904,1306,TOPIX ETF,-1719334700.0
20260904,1321,Nikkei 225 Exchange Traded Fund,3831177560.0
20260904,1325,NEXT FUNDS Ibovespa Linked Exchange Traded Fund,-1555868808.8289893
20260904,1328,NEXT FUNDS Gold Price Exchange Traded Fund,-1548668391977.963
20260904,1329,iShares Nikkei 225 ETF,-3831177560.0
20260904,1348,MAXIS TOPIX ETF,-242729870.0
20260904,1356,TOPIX Bear -2x ETF,12318.0
20260904,1357,NEXT FUNDS Nikkei 225 Double Inverse Index Exchange Traded Fund,-770760.0
20260904,1360,Nikkei225 Bear -2x ETF,-128460.0
20260904,1398,SMAM REIT Index ETF,548139400.0
20260904,1458,Rakuten ETF-Nikkei 225 Leveraged Index,1156140.0
20260904,1459,Rakuten ETF-Nikkei 225 Double Inverse Index,64230.0
20260904,1469,JPX-Nikkei 400 Bear -2x Double Inverse ETF,73970.0
20260904,1472,NEXT FUNDS JPX-Nikkei 400 Double Inverse Index Exchange Traded Fund,36985.0
20260904,1473,One ETF TOPIX,-100410.0
20260904,1475,iShares TOPIX ETF,1957018574.0
20260904,1476,iShares Japan REIT ETF,-91787700.0
20260904,1477,iShares MSCI Japan Minimum Volatility (ex-REITs) ETF,24166734.0
20260904,1478,iShares MSCI Japan High Dividend ETF,250053132.0
20260904,1482,iShares US Treasury Bond 7-10 Year JPY Hedged ETF,-730350283381.85
20260904,1483,iShares JPX/S&P CAPEX & Human Capital ETF,618000.0
20260904,1489,NEXT FUNDS Nikkei 225 High Dividend Yield Stock 50 Index Exchange Traded Fund,179874960.0
20260904,1499,MAXIS Japan Equity High Dividend 70 Market Neutral ETF,-16424.0
20260904,1545,NEXT FUNDS NASDAQ-100,-395802172043.549
20260904,1546,NEXT FUNDS Dow Jones Industrial Average Exchange Traded Fund,-196514065016.7252
20260904,1550,MAXIS Global Equity (MSCI Kokusai),514397400.3525824
20260904,1559,NEXT FUNDS Thai Stock SET50 Exchange Traded Fund,-7283387820.97276
20260904,1560,NEXT FUNDS FTSE Bursa Malaysia KLCI Exchange Traded Fund,-903350586.4778608
20260904,1568,TOPIX Bull 2x ETF,28742.0
20260904,1570,NEXT FUNDS Nikkei 225 Leveraged Index Exchange Traded Fund,86260890.0
20260904,1572,China Bull 2x HSCEI ETF,-25305.0
20260904,1573,China Bear -1x HSCEI ETF,-16870.0
20260904,1577,NEXT FUNDS Nomura Japan Equity High Dividend 70 Exchange Traded Fund,5487868160.0
20260904,1579,Nikkei 225 Bull 2x ETF,12267930.0
20260904,1580,Nikkei 225 Bear -1x ETF,-128460.0
20260904,1593,MAXIS JPX-Nikkei Index 400 ETF,-36985.0
20260904,1595,NZAM ETF J-REIT Index,547396000.0
20260904,1597,MAXIS J-REIT ETF,549845600.0
20260904,1615,TOPIX Banks,-99681400.0
20260904,1617,NEXT FUNDS TOPIX-17 FOODS ETF,121084450.0
20260904,1618,NEXT FUNDS TOPIX-17 ENERGY RESOURCES ETF,14478350.0
20260904,1619,NEXT FUNDS TOPIX-17 CONSTRUCTION & MATERIALS ETF,2870550.0
20260904,1620,NEXT FUNDS TOPIX-17 RAW MATERIALS & CHEMICALS ETF,-218998580.0
20260904,1621,NEXT FUNDS TOPIX-17 PHARMACEUTICAL ETF,7364400.0
20260904,1622,NEXT FUNDS TOPIX-17 AUTOMOBILES & TRANSPORTATION EQUIPMENT ETF,5071480.0
20260904,1627,NEXT FUNDS TOPIX-17 ELECTRIC POWER & GAS ETF,102776700.0
20260904,1631,NEXT FUNDS TOPIX-17 BANKS ETF,-122358070.0
20260904,1633,NEXT FUNDS TOPIX-17 REAL ESTATE ETF,-97947200.0
20260904,1655,iShares S&P 500 ETF,2528616.09
20260904,1656,iShares Core 7-10 Year US Treasury Bond ETF,-1227068446.9999983
20260904,1660,MAXIS High Yield J-REIT ETF,-304000.0
20260904,1678,NEXT FUNDS Nifty Linked Exchange Traded Fund,-2529009014193.357
20260904,1699,NEXT FUNDS NOMURA Crude Oil Long Index Linked Exchange Traded Fund,26890263253.810867
20260904,170A,SMT ETF Japan Equity Income Strategy Active,-2453714.253385088
20260904,179A,Global X 25+ Year T-Bond ETF (JPY Hedged),0.0
20260904,180A,Global X 25+ Year T-Bond ETF,0.0
20260904,181A,MAXIS US Treasury Bond 1-3 Year ETF (Unhedged),498811950.0259373
20260904,182A,MAXIS US Treasury Bond 20+ Year ETF (Unhedged),-8404540.904661253
20260904,183A,MAXIS US Treasury Bond 20+ Year ETF (JPY Hedged),-136437798.22466618
20260904,2012,iShares 0-3 Month US Treasury Bond ETF,-21837222448.0
20260904,2080,PBR Improvement over 1x ETF,67507470.0
20260904,2083,NEXT FUNDS Japan Growth Equity Active Exchange Traded Fund,69472900.0
20260904,2094,TSE REIT Inverse ETF,72713.5
20260904,221A,MAXIS Nikkei Semiconductor Stock (Japan) ETF,-8684731.959814295
20260904,2241,MAXIS NY Dow Industrial Average ETF,1318249.7762494998
20260904,2242,MAXIS NY Dow Industrial Average ETF (JPY Hedged),6882997.510322726
20260904,2245,NEXT FUNDS Bloomberg Germany Treasury Bond (7-10 year) Index (Yen-Hedged) Exchange Traded Fund,-388253247.82249296
20260904,2255,iShares 20+ Year US Treasury Bond ETF,867530396.8
20260904,2256,iShares US Aggregate Bond ETF,551600.64
20260904,2259,iShares 7-10 Year France Government Bond JPY Hedged ETF,-16523954511.432
20260904,237A,iShares 25+ Year US Treasury Bond Long Duration ETF,208408117.4000001
20260904,238A,iShares 25+ Year US Treasury Bond Long Duration JPY Hedged ETF,-138776904797.9078
20260904,2510,NEXT FUNDS Japan Bond NOMURA-BPI Exchange Traded Fund,-6848983329.4380245
20260904,2511,NEXT FUNDS International Bond FTSE World Government Bond Index (ex Japan Unhedged) Exchange Traded Fund,-166214787389.7762
20260904,2512,NEXT FUNDS International Bond FTSE World Government Bond Index (ex Japan Yen-Hedged) Exchange Traded Fund,60030908455926.08
20260904,2513,NEXT FUNDS International Equity MSCI-KOKUSAI (Unhedged) Exchange Traded Fund,-553639372857.1381
20260904,2514,NEXT FUNDS International Equity MSCI-KOKUSAI (Yen-Hedged) Exchange Traded Fund,3346262794608.619
20260904,2515,NEXT FUNDS International REIT S&P Developed REIT Index (ex Japan Unhedged) Exchange Traded Fund,-10448493386.368862
20260904,2516,TSE Mothers ETF,-855500.0
20260904,2517,MAXIS J-REIT Core ETF,213661000.0
20260904,2519,NEXT FUNDS Emerging Market Bond J.P. Morgan EMBI Plus (Unhedged) Exchange Traded Fund,-18685366.231042914
20260904,2520,NEXT FUNDS Emerging Market Equity MSCI-EM (Unhedged) Exchange Traded Fund,-134456896987.42068
20260904,2522,iShares Automation & Robot ETF,109018.2
20260904,2523,MAXIS TOPIX Ex-Financials ETF,-245500.0
20260904,2553,One ETF Southern China A-Share CSI 500,0.0
20260904,2554,NEXT FUNDS Bloomberg Barclays US Intermediate Corporate Index (JPY Hedged) Exchange Traded Fund,134689840.85694152
20260904,2556,One ETF Tokyo Stock Exchange REIT Index,941331526.5
20260904,2558,MAXIS S&P500 US Equity,-123004886.09421682
20260904,2559,MAXIS World Equity (MSCI ACWI),-926423118295.4357
20260904,2560,MAXIS Carbon Efficient Japan Equity ETF,-98200.0
20260904,2561,iShares Core Japan Government Bond ETF,31404209575.0
20260904,2563,iShares S&P 500 JPY Hedged ETF,69225813912.39
20260904,257A,SMT ETF Selected Japan Equity Active,-7065211.9507770995
20260904,2620,iShares 1-3 Year US Treasury Bond ETF,7058636217.800001
20260904,2621,iShares 20+ Year US Treasury Bond JPY Hedged ETF,-2550158912964.7637
20260904,2630,MAXIS S&P500 US Equity (JPY Hedged),39606558341.229454
20260904,2631,MAXIS NASDAQ100,-227165616.04435173
20260904,2632,MAXIS NASDAQ100 (JPY Hedged),-110765341.36576262
20260904,2633,NEXT FUNDS S&P 500 (Unhedged) Exchange Traded Fund,-52122534332.08077
20260904,2634,NEXT FUNDS S&P 500 (Yen-Hedged) Exchange Traded Fund,2047310174767.1223
20260904,2642,SMT ETF Carbon Efficient Index Japan Equity,-147300.0
20260904,2647,NEXT FUNDS Bloomberg US Treasury Bond (7-10 year) Index (Unhedged) Exchange Traded Fund,1563341.2943415127
20260904,2648,NEXT FUNDS Bloomberg US Treasury Bond (7-10 year) Index (Yen-Hedged) Exchange Traded Fund,110502740.88406937
20260904,2649,iShares Ginnie Mae MBS JPY Hedged ETF,0.0
20260904,273A,SBI Saudi Arabia Equity Exchange Traded Fund,-1803511.141044822
20260904,2838,MAXIS 7-10 Year US Treasury Bond ETF (Unhedged),-215608553.10858238
20260904,2839,MAXIS 7-10 Year US Treasury Bond ETF (Hedged),439817134.4137093
20260904,2845,NEXT FUNDS NASDAQ-100(R) (Yen-Hedged) Exchange Traded Fund,2380327141595.928
20260904,2846,NEXT FUNDS DJIA (Yen-Hedged) Exchange Traded Fund,5075418842003.277
20260904,2853,iShares Climate Risk-Adjusted Global ex Japan Government Bond JPY Hedged ETF,11645520786386.04
20260904,2856,iShares 3-7 Year US Treasury Bond JPY Hedged ETF,-879421719879.5496
20260904,2857,iShares Germany Government Bond JPY Hedged ETF,-291425279705.73
20260904,2858,Global X Nikkei 225 Covered Call ETF (option premium reinvestment type),1283720.0
20260904,2859,NEXT FUNDS EURO STOXX 50 (Yen-Hedged) Exchange Traded Fund,194202489169.94876
20260904,2860,NEXT FUNDS German Equity DAX (Yen-Hedged) Exchange Traded Fund,713943207201.3229
20260904,295A,One ETF FTSE Saudi Arabia ETF,0.0
20260904,346A,NEXT FUNDS S&P 500 Semiconductors & Semiconductor Equipment (Industry Group) 35% Capped Index Exchange Traded Fund,-8634457333.343983
20260904,348A,MAXIS Yomiuri333 Japan Stock ETF,281796.35641211283
20260904,349A,SMDAM Active ETF Japanese Gross Equities,-146640.0
20260904,364A,NEXT FUNDS S&P 500 Dividend Aristocrats Index Exchange Traded Fund,-450990837.36611795
20260904,376A,NEXT FUNDS Bloomberg US Treasury Bond (7-10 year) Index (75% Yen-Hedged) Exchange Traded Fund,-118343516.59558094
20260904,380A,Global X China Tech ETF,75947.86886431996
20260904,383A,MAXIS S&P500 Equal Weight ETF,609673.1745063898
20260904,404A,Global X China Tech Top 10 ETF,-10468289.8768051
20260904,408A,iShares A.I. Global Innovation Active ETF,176231.37
20260904,412A,NEXT FUNDS TIP FactSet Taiwan Innovative Technology 50 Index Exchange Traded Fund,-12855.105425726748
20260904,447A,State Street SPDR Gold ETF (JPY Unhedged),837967.16
20260904,448A,State Street SPDR Gold ETF (JPY Hedged),618480123.858774
20260904,449A,State Street SPDR S&P 500 ETF (JPY Unhedged),-69770919.92918907
20260904,450A,State Street SPDR S&P 500 ETF (JPY Hedged),24069039542.939877
20260904,451A,State Street SPDR S&P 500 High Dividend ETF (JPY Unhedged),75968.25
20260904,461A,MAXIS Japan Equity High Dividend SMART 50 ETF,-27215.36112478513
20260904,486A,NEXT FUNDS EURO STOXX 50 (Unhedged) Exchange Traded Fund,-839704875.8296858
20260904,487A,NEXT FUNDS German Equity DAX (Unhedged) Exchange Traded Fund,-596071340.7952248
20260904,488A,iShares Yen Appreciation Focus ETF,-83536065297.2081
20260904,491A,iShares S&P 500 Ex-Financials JPY Hedged ETF,129584.76000022888
20260904,531A,NZAM ETF Nikkei High Dividend 50,0.0
20260904,532A,NZAM ETF TOPIX High Dividend 40,0.0
20260904,552A,MAXIS US AI Infrastructure Equity ETF,137367.67831291378
20260904,563A,Global X Nasdaq 100 Daily Covered Call ETF,33432406136.16507
20260904,576A,Global X China Tech Covered Call ETF,-79.05021186000195
20260904,605A,NEXT FUNDS Japan Equity Policy Focus Exchange Traded Fund,3789700.0
20260904,606A,Gold 2x Bull ETF,-458520.0
20260907,1306,TOPIX ETF,-16915389280.0
20260907,1321,Nikkei 225 Exchange Traded Fund,-1939646160.0
20260907,1325,NEXT FUNDS Ibovespa Linked Exchange Traded Fund,-1627492521.3506722
20260907,1328,NEXT FUNDS Gold Price Exchange Traded Fund,-1588299541411.176
20260907,1329,iShares Nikkei 225 ETF,-3879292320.0
20260907,1343,NEXT FUNDS REIT INDEX ETF,1723925400.0
20260907,1357,NEXT FUNDS Nikkei 225 Double Inverse Index Exchange Traded Fund,6762080.0
20260907,1360,Nikkei225 Bear -2x ETF,2210680.0
20260907,1364,iShares JPX-Nikkei 400 ETF,2823988470.0
20260907,1397,SMAM NIKKEI225 ETF,1939646160.0
20260907,1458,Rakuten ETF-Nikkei 225 Leveraged Index,585180.0
20260907,1459,Rakuten ETF-Nikkei 225 Double Inverse Index,780240.0
20260907,1469,JPX-Nikkei 400 Bear -2x Double Inverse ETF,-36775.0
20260907,1472,NEXT FUNDS JPX-Nikkei 400 Double Inverse Index Exchange Traded Fund,-36775.0
20260907,1473,One ETF TOPIX,254180.0
20260907,1474,One ETF JPX-Nikkei400,-36775.0
20260907,1475,iShares TOPIX ETF,2103048050.0
20260907,1476,iShares Japan REIT ETF,-1558896600.0
20260907,1478,iShares MSCI Japan High Dividend ETF,4062600.0
20260907,1482,iShares US Treasury Bond 7-10 Year JPY Hedged ETF,-781347571832.256
20260907,1489,NEXT FUNDS Nikkei 225 High Dividend Yield Stock 50 Index Exchange Traded Fund,5666400.0
20260907,1545,NEXT FUNDS NASDAQ-100,-401310108559.4508
20260907,1546,NEXT FUNDS Dow Jones Industrial Average Exchange Traded Fund,-70876257933.94014
20260907,1550,MAXIS Global Equity (MSCI Kokusai),3744258906.792338
20260907,1559,NEXT FUNDS Thai Stock SET50 Exchange Traded Fund,-7244295856.200646
20260907,1560,NEXT FUNDS FTSE Bursa Malaysia KLCI Exchange Traded Fund,-917023026.005408
20260907,1568,TOPIX Bull 2x ETF,4099.0
20260907,1570,NEXT FUNDS Nikkei 225 Leveraged Index Exchange Traded Fund,25487840.0
20260907,1571,NEXT FUNDS Nikkei 225 Inverse Index Exchange Traded Fund,455140.0
20260907,1572,China Bull 2x HSCEI ETF,83660.0
20260907,1573,China Bear -1x HSCEI ETF,41830.0
20260907,1577,NEXT FUNDS Nomura Japan Equity High Dividend 70 Exchange Traded Fund,-5932340.0
20260907,1579,Nikkei 225 Bull 2x ETF,3706140.0
20260907,1580,Nikkei 225 Bear -1x ETF,195060.0
20260907,1593,MAXIS JPX-Nikkei Index 400 ETF,-36775.0
20260907,1595,NZAM ETF J-REIT Index,546359400.0
20260907,1597,MAXIS J-REIT ETF,-1770.0
20260907,1615,TOPIX Banks,2069189870.0
20260907,1620,NEXT FUNDS TOPIX-17 RAW MATERIALS & CHEMICALS ETF,1346570.0
20260907,1624,NEXT FUNDS TOPIX-17 MACHINERY ETF,2064650.0
20260907,1627,NEXT FUNDS TOPIX-17 ELECTRIC POWER & GAS ETF,-150868550.0
20260907,1631,NEXT FUNDS TOPIX-17 BANKS ETF,-182977410.0
20260907,1632,NEXT FUNDS TOPIX-17 FINANCIALS (EX BANKS) ETF,-261119310.0
20260907,1655,iShares S&P 500 ETF,-1111295.9
20260907,1656,iShares Core 7-10 Year US Treasury Bond ETF,-1229731722.8000011
20260907,1657,iShares Core MSCI Kokusai ETF,242097.66
20260907,1660,MAXIS High Yield J-REIT ETF,104511300.0
20260907,1678,NEXT FUNDS Nifty Linked Exchange Traded Fund,-2503621276930.1997
20260907,1699,NEXT FUNDS NOMURA Crude Oil Long Index Linked Exchange Traded Fund,23438719630.730537
20260907,170A,SMT ETF Japan Equity Income Strategy Active,-818976.9800760149
20260907,179A,Global X 25+ Year T-Bond ETF (JPY Hedged),0.0
20260907,180A,Global X 25+ Year T-Bond ETF,0.0
20260907,181A,MAXIS US Treasury Bond 1-3 Year ETF (Unhedged),-327356781.2114424
20260907,182A,MAXIS US Treasury Bond 20+ Year ETF (Unhedged),-5125702.797059111
20260907,183A,MAXIS US Treasury Bond 20+ Year ETF (JPY Hedged),4397941877.219779
20260907,2012,iShares 0-3 Month US Treasury Bond ETF,617888788.9999995
20260907,2080,PBR Improvement over 1x ETF,59972350.0
20260907,2083,NEXT FUNDS Japan Growth Equity Active Exchange Traded Fund,-38624500.0
20260907,2094,TSE REIT Inverse ETF,1770.0
20260907,221A,MAXIS Nikkei Semiconductor Stock (Japan) ETF,-3764225.2953580683
20260907,2241,MAXIS NY Dow Industrial Average ETF,1730916.0978616625
20260907,2242,MAXIS NY Dow Industrial Average ETF (JPY Hedged),10408401535.724794
20260907,2245,NEXT FUNDS Bloomberg Germany Treasury Bond (7-10 year) Index (Yen-Hedged) Exchange Traded Fund,-368003173.2075091
20260907,2255,iShares 20+ Year US Treasury Bond ETF,866381319.5999994
20260907,2259,iShares 7-10 Year France Government Bond JPY Hedged ETF,-17835516768.907997
20260907,237A,iShares 25+ Year US Treasury Bond Long Duration ETF,209578310.79999995
20260907,238A,iShares 25+ Year US Treasury Bond Long Duration JPY Hedged ETF,-143558196079.8412
20260907,2510,NEXT FUNDS Japan Bond NOMURA-BPI Exchange Traded Fund,7114439494.567804
20260907,2511,NEXT FUNDS International Bond FTSE World Government Bond Index (ex Japan Unhedged) Exchange Traded Fund,-162985455433.57874
20260907,2512,NEXT FUNDS International Bond FTSE World Government Bond Index (ex Japan Yen-Hedged) Exchange Traded Fund,59111977886639.61
20260907,2513,NEXT FUNDS International Equity MSCI-KOKUSAI (Unhedged) Exchange Traded Fund,-577199505455.8491
20260907,2514,NEXT FUNDS International Equity MSCI-KOKUSAI (Yen-Hedged) Exchange Traded Fund,3379595843145.894
20260907,2515,NEXT FUNDS International REIT S&P Developed REIT Index (ex Japan Unhedged) Exchange Traded Fund,-8145915179.227102
20260907,2516,TSE Mothers ETF,1259500.0
20260907,2517,MAXIS J-REIT Core ETF,216397600.0
20260907,2519,NEXT FUNDS Emerging Market Bond J.P. Morgan EMBI Plus (Unhedged) Exchange Traded Fund,-13803687.997983072
20260907,2520,NEXT FUNDS Emerging Market Equity MSCI-EM (Unhedged) Exchange Traded Fund,-134036619242.4093
20260907,2553,One ETF Southern China A-Share CSI 500,0.0
20260907,2554,NEXT FUNDS Bloomberg Barclays US Intermediate Corporate Index (JPY Hedged) Exchange Traded Fund,209329698.398015
20260907,2556,One ETF Tokyo Stock Exchange REIT Index,216798370.0
20260907,2558,MAXIS S&P500 US Equity,412232308.7754802
20260907,2559,MAXIS World Equity (MSCI ACWI),-886222865160.3408
20260907,2561,iShares Core Japan Government Bond ETF,30276004150.0
20260907,2563,iShares S&P 500 JPY Hedged ETF,87528439470.39
20260907,257A,SMT ETF Selected Japan Equity Active,8736373.8383839
20260907,2620,iShares 1-3 Year US Treasury Bond ETF,2932822985.099999
20260907,2621,iShares 20+ Year US Treasury Bond JPY Hedged ETF,-2569370091100.555
20260907,2630,MAXIS S&P500 US Equity (JPY Hedged),4523062491.220124
20260907,2631,MAXIS NASDAQ100,-1977798217.858018
20260907,2632,MAXIS NASDAQ100 (JPY Hedged),-967821848.7007788
20260907,2633,NEXT FUNDS S&P 500 (Unhedged) Exchange Traded Fund,-52701786841.90731
20260907,2634,NEXT FUNDS S&P 500 (Yen-Hedged) Exchange Traded Fund,2069203376482.5784
20260907,2647,NEXT FUNDS Bloomberg US Treasury Bond (7-10 year) Index (Unhedged) Exchange Traded Fund,1492339.0781929207
20260907,2648,NEXT FUNDS Bloomberg US Treasury Bond (7-10 year) Index (Yen-Hedged) Exchange Traded Fund,105079378.0567113
20260907,2649,iShares Ginnie Mae MBS JPY Hedged ETF,0.0
20260907,273A,SBI Saudi Arabia Equity Exchange Traded Fund,2928.066053770967
20260907,2838,MAXIS 7-10 Year US Treasury Bond ETF (Unhedged),290159170.09075147
20260907,2839,MAXIS 7-10 Year US Treasury Bond ETF (Hedged),8133310663.706242
20260907,2845,NEXT FUNDS NASDAQ-100(R) (Yen-Hedged) Exchange Traded Fund,2407893788809.3423
20260907,2846,NEXT FUNDS DJIA (Yen-Hedged) Exchange Traded Fund,5134966386900.435
20260907,2853,iShares Climate Risk-Adjusted Global ex Japan Government Bond JPY Hedged ETF,11677185002598.63
20260907,2856,iShares 3-7 Year US Treasury Bond JPY Hedged ETF,-468992384366.97577
20260907,2857,iShares Germany Government Bond JPY Hedged ETF,-292956113248.576
20260907,2858,Global X Nikkei 225 Covered Call ETF (option premium reinvestment type),1298780.0
20260907,2859,NEXT FUNDS EURO STOXX 50 (Yen-Hedged) Exchange Traded Fund,194927307960.086
20260907,2860,NEXT FUNDS German Equity DAX (Yen-Hedged) Exchange Traded Fund,718472791241.2275
20260907,295A,One ETF FTSE Saudi Arabia ETF,0.0
20260907,346A,NEXT FUNDS S&P 500 Semiconductors & Semiconductor Equipment (Industry Group) 35% Capped Index Exchange Traded Fund,-8752993576.045626
20260907,348A,MAXIS Yomiuri333 Japan Stock ETF,94892.61269259398
20260907,349A,SMDAM Active ETF Japanese Gross Equities,-62750.0
20260907,364A,NEXT FUNDS S&P 500 Dividend Aristocrats Index Exchange Traded Fund,-430728215.0953677
20260907,376A,NEXT FUNDS Bloomberg US Treasury Bond (7-10 year) Index (75% Yen-Hedged) Exchange Traded Fund,-110617609.26557906
20260907,380A,Global X China Tech ETF,74568.92213376003
20260907,383A,MAXIS S&P500 Equal Weight ETF,912314.0707145751
20260907,395A,Sector Restructuring Select ETF Regional Banks,395459650.0
20260907,404A,Global X China Tech Top 10 ETF,516282.67920381005
20260907,408A,iShares A.I. Global Innovation Active ETF,535840.29
20260907,412A,NEXT FUNDS TIP FactSet Taiwan Innovative Technology 50 Index Exchange Traded Fund,25209.266842804394
20260907,447A,State Street SPDR Gold ETF (JPY Unhedged),0.0
20260907,448A,State Street SPDR Gold ETF (JPY Hedged),618404189.6069946
20260907,449A,State Street SPDR S&P 500 ETF (JPY Unhedged),-74633914.5520014
20260907,450A,State Street SPDR S&P 500 ETF (JPY Hedged),24041242415.99703
20260907,451A,State Street SPDR S&P 500 High Dividend ETF (JPY Unhedged),0.0
20260907,452A,iShares S&P 500 Premium Income ETF,2066995.9999999998
20260907,461A,MAXIS Japan Equity High Dividend SMART 50 ETF,63813.33907418183
20260907,486A,NEXT FUNDS EURO STOXX 50 (Unhedged) Exchange Traded Fund,-841887663.6623434
20260907,487A,NEXT FUNDS German Equity DAX (Unhedged) Exchange Traded Fund,-596704704.3853297
20260907,488A,iShares Yen Appreciation Focus ETF,-84611176502.23119
20260907,491A,iShares S&P 500 Ex-Financials JPY Hedged ETF,0.0
20260907,496A,One ETF Japanese Government Bond 17-20 years,-9303291500.0
20260907,515A,iShares JPY Investment Grade Corporate Bond Active ETF,2840015000.0
20260907,526A,JPX Startup100 ETF,-2072350.0
20260907,531A,NZAM ETF Nikkei High Dividend 50,0.0
20260907,532A,NZAM ETF TOPIX High Dividend 40,0.0
20260907,552A,MAXIS US AI Infrastructure Equity ETF,889457.0769776048
20260907,563A,Global X Nasdaq 100 Daily Covered Call ETF,-29455567189.881794
20260907,573A,iShares 20+  Year Japan Government Bond ETF,4936650750.0
20260907,576A,Global X China Tech Covered Call ETF,-269.2003845799993
20260907,586A,NEXT FUNDS Nikkei Japan Entertainment Content Stock Index Exchange Traded Fund,124812950.0
20260907,606A,Gold 2x Bull ETF,3538150.0
20260907,612A,One ETF JGB Futures Short Index,15779518400.0
20260908,1306,TOPIX ETF,-29527676.0
20260908,1325,NEXT FUNDS Ibovespa Linked Exchange Traded Fund,-1634875456.5475624
20260908,1328,NEXT FUNDS Gold Price Exchange Traded Fund,-1615711164545.7683
20260908,1343,NEXT FUNDS REIT INDEX ETF,-325276400.0
20260908,1346,MAXIS NIKKEI225 ETF,1980713820.0
20260908,1356,TOPIX Bear -2x ETF,16522.0
20260908,1357,NEXT FUNDS Nikkei 225 Double Inverse Index Exchange Traded Fund,8776680.0
20260908,1360,Nikkei225 Bear -2x ETF,3457480.0
20260908,1364,iShares JPX-Nikkei 400 ETF,-945905200.0
20260908,1397,SMAM NIKKEI225 ETF,-1966789380.0
20260908,1458,Rakuten ETF-Nikkei 225 Leveraged Index,-2327150.0
20260908,1459,Rakuten ETF-Nikkei 225 Double Inverse Index,1795230.0
20260908,1469,JPX-Nikkei 400 Bear -2x Double Inverse ETF,74240.0
20260908,1472,NEXT FUNDS JPX-Nikkei 400 Double Inverse Index Exchange Traded Fund,74240.0
20260908,1473,One ETF TOPIX,-4130.5
20260908,1474,One ETF JPX-Nikkei400,-37120.0
20260908,1475,iShares TOPIX ETF,-6343215060.0
20260908,1476,iShares Japan REIT ETF,273300600.0
20260908,1482,iShares US Treasury Bond 7-10 Year JPY Hedged ETF,-761899783664.4961
20260908,1489,NEXT FUNDS Nikkei 225 High Dividend Yield Stock 50 Index Exchange Traded Fund,801840160.0
20260908,1494,One ETF High Dividend Japan Equity,605949070.0
20260908,1545,NEXT FUNDS NASDAQ-100,-408194514266.13293
20260908,1546,NEXT FUNDS Dow Jones Industrial Average Exchange Traded Fund,-73352684451.01068
20260908,1550,MAXIS Global Equity (MSCI Kokusai),2094733904.2583091
20260908,1559,NEXT FUNDS Thai Stock SET50 Exchange Traded Fund,-7333180632.874167
20260908,1560,NEXT FUNDS FTSE Bursa Malaysia KLCI Exchange Traded Fund,-918115330.145204
20260908,1568,TOPIX Bull 2x ETF,49566.0
20260908,1569,TOPIX Bear -1x ETF,4130.5
20260908,1570,NEXT FUNDS Nikkei 225 Leveraged Index Exchange Traded Fund,33045530.0
20260908,1571,NEXT FUNDS Nikkei 225 Inverse Index Exchange Traded Fund,398940.0
20260908,1572,China Bull 2x HSCEI ETF,-77049.0
20260908,1573,China Bear -1x HSCEI ETF,-34244.0
20260908,1579,Nikkei 225 Bull 2x ETF,-1063840.0
20260908,1580,Nikkei 225 Bear -1x ETF,199470.0
20260908,1593,MAXIS JPX-Nikkei Index 400 ETF,-111360.0
20260908,1597,MAXIS J-REIT ETF,-3520.0
20260908,1615,TOPIX Banks,1374551600.0
20260908,1631,NEXT FUNDS TOPIX-17 BANKS ETF,-117158200.0
20260908,1655,iShares S&P 500 ETF,6640233.6
20260908,1656,iShares Core 7-10 Year US Treasury Bond ETF,-899047919.1999993
20260908,1657,iShares Core MSCI Kokusai ETF,1404290.88
20260908,1659,iShares US REIT ETF,2612750.58
20260908,1660,MAXIS High Yield J-REIT ETF,102926950.0
20260908,1678,NEXT FUNDS Nifty Linked Exchange Traded Fund,-2534534262781.1797
20260908,1699,NEXT FUNDS NOMURA Crude Oil Long Index Linked Exchange Traded Fund,26002419236.939854
20260908,170A,SMT ETF Japan Equity Income Strategy Active,-2019977.7069219062
20260908,179A,Global X 25+ Year T-Bond ETF (JPY Hedged),867290.1006283987
20260908,180A,Global X 25+ Year T-Bond ETF,575.9718703189
20260908,181A,MAXIS US Treasury Bond 1-3 Year ETF (Unhedged),6857746.89635535
20260908,182A,MAXIS US Treasury Bond 20+ Year ETF (Unhedged),-8532926.40091807
20260908,183A,MAXIS US Treasury Bond 20+ Year ETF (JPY Hedged),-5198930206.352734
20260908,200A,NEXT FUNDS Nikkei Semiconductor Stock Index Exchange Traded Fund,-221249400.0
20260908,2012,iShares 0-3 Month US Treasury Bond ETF,-14396132041.0
20260908,2013,iShares US High Dividend ETF,98284.2
20260908,2014,iShares US Dividend Growth ETF,605344.5
20260908,2083,NEXT FUNDS Japan Growth Equity Active Exchange Traded Fund,60091200.0
20260908,2084,NEXT FUNDS Japan High Dividend Equity Active Exchange Traded Fund,-163813650.0
20260908,2094,TSE REIT Inverse ETF,-5280.0
20260908,221A,MAXIS Nikkei Semiconductor Stock (Japan) ETF,5398411.536842662
20260908,2241,MAXIS NY Dow Industrial Average ETF,14859161.103885695
20260908,2242,MAXIS NY Dow Industrial Average ETF (JPY Hedged),9066276154.452818
20260908,2245,NEXT FUNDS Bloomberg Germany Treasury Bond (7-10 year) Index (Yen-Hedged) Exchange Traded Fund,-351179574.12881386
20260908,2255,iShares 20+ Year US Treasury Bond ETF,873927574.0000001
20260908,2256,iShares US Aggregate Bond ETF,138128.0
20260908,2259,iShares 7-10 Year France Government Bond JPY Hedged ETF,-17431996710.604004
20260908,237A,iShares 25+ Year US Treasury Bond Long Duration ETF,1280443785.6
20260908,238A,iShares 25+ Year US Treasury Bond Long Duration JPY Hedged ETF,-141636263277.02322
20260908,2510,NEXT FUNDS Japan Bond NOMURA-BPI Exchange Traded Fund,-93181698021.28358
20260908,2511,NEXT FUNDS International Bond FTSE World Government Bond Index (ex Japan Unhedged) Exchange Traded Fund,-147720919457.74323
20260908,2512,NEXT FUNDS International Bond FTSE World Government Bond Index (ex Japan Yen-Hedged) Exchange Traded Fund,59250681872522.81
20260908,2513,NEXT FUNDS International Equity MSCI-KOKUSAI (Unhedged) Exchange Traded Fund,-567924988704.2048
20260908,2514,NEXT FUNDS International Equity MSCI-KOKUSAI (Yen-Hedged) Exchange Traded Fund,3376965018315.673
20260908,2515,NEXT FUNDS International REIT S&P Developed REIT Index (ex Japan Unhedged) Exchange Traded Fund,-11393978904.167995
20260908,2516,TSE Mothers ETF,-432730.0
20260908,2517,MAXIS J-REIT Core ETF,-1760.0
20260908,2519,NEXT FUNDS Emerging Market Bond J.P. Morgan EMBI Plus (Unhedged) Exchange Traded Fund,-77973247.61524114
20260908,2520,NEXT FUNDS Emerging Market Equity MSCI-EM (Unhedged) Exchange Traded Fund,-139359072253.29086
20260908,2529,NEXT FUNDS Nomura Shareholder Yield 70 Exchange Traded Fund,2615271650.0
20260908,2553,One ETF Southern China A-Share CSI 500,0.0
20260908,2554,NEXT FUNDS Bloomberg Barclays US Intermediate Corporate Index (JPY Hedged) Exchange Traded Fund,38070101.479803726
20260908,2555,TSE REIT ETF,809883000.0
20260908,2556,One ETF Tokyo Stock Exchange REIT Index,431220400.0
20260908,2557,SMDAM TOPIX ETF,4173797620.0
20260908,2558,MAXIS S&P500 US Equity,-254528202.73559693
20260908,2559,MAXIS World Equity (MSCI ACWI),-890525528298.9054
20260908,2563,iShares S&P 500 JPY Hedged ETF,-6.67572021484375e-06
20260908,2567,NZAM ETF S&P JPX Carbon Efficient Index,4932000.0
20260908,257A,SMT ETF Selected Japan Equity Active,-105108.15004550222
20260908,2620,iShares 1-3 Year US Treasury Bond ETF,-44015488289.4
20260908,2621,iShares 20+ Year US Treasury Bond JPY Hedged ETF,-2513666994517.846
20260908,2630,MAXIS S&P500 US Equity (JPY Hedged),-115425628.20916997
20260908,2631,MAXIS NASDAQ100,-120380672.61305133
20260908,2632,MAXIS NASDAQ100 (JPY Hedged),3444653362.164352
20260908,2633,NEXT FUNDS S&P 500 (Unhedged) Exchange Traded Fund,-58641327453.79675
20260908,2634,NEXT FUNDS S&P 500 (Yen-Hedged) Exchange Traded Fund,2059226556019.951
20260908,2647,NEXT FUNDS Bloomberg US Treasury Bond (7-10 year) Index (Unhedged) Exchange Traded Fund,-90196633.84036486
20260908,2648,NEXT FUNDS Bloomberg US Treasury Bond (7-10 year) Index (Yen-Hedged) Exchange Traded Fund,801111834.6136587
20260908,2649,iShares Ginnie Mae MBS JPY Hedged ETF,0.0
20260908,273A,SBI Saudi Arabia Equity Exchange Traded Fund,287385.0184520729
20260908,2838,MAXIS 7-10 Year US Treasury Bond ETF (Unhedged),136543214.65505618
20260908,2839,MAXIS 7-10 Year US Treasury Bond ETF (Hedged),-16278044.18879499
20260908,2845,NEXT FUNDS NASDAQ-100(R) (Yen-Hedged) Exchange Traded Fund,2408391688494.543
20260908,2846,NEXT FUNDS DJIA (Yen-Hedged) Exchange Traded Fund,5103330560020.43
20260908,2853,iShares Climate Risk-Adjusted Global ex Japan Government Bond JPY Hedged ETF,11706899338554.13
20260908,2856,iShares 3-7 Year US Treasury Bond JPY Hedged ETF,-429858010298.99396
20260908,2857,iShares Germany Government Bond JPY Hedged ETF,-286519826815.82404
20260908,2858,Global X Nikkei 225 Covered Call ETF (option premium reinvestment type),1326100.0
20260908,2859,NEXT FUNDS EURO STOXX 50 (Yen-Hedged) Exchange Traded Fund,195333714125.71243
20260908,2860,NEXT FUNDS German Equity DAX (Yen-Hedged) Exchange Traded Fund,719492351847.5879
20260908,295A,One ETF FTSE Saudi Arabia ETF,1854496.0
20260908,314A,iShares Gold ETF,1679684.48
20260908,346A,NEXT FUNDS S&P 500 Semiconductors & Semiconductor Equipment (Industry Group) 35% Capped Index Exchange Traded Fund,-8930293267.593523
20260908,348A,MAXIS Yomiuri333 Japan Stock ETF,129087.46796729357
20260908,349A,SMDAM Active ETF Japanese Gross Equities,-360300.0
20260908,364A,NEXT FUNDS S&P 500 Dividend Aristocrats Index Exchange Traded Fund,-409558318.0695901
20260908,376A,NEXT FUNDS Bloomberg US Treasury Bond (7-10 year) Index (75% Yen-Hedged) Exchange Traded Fund,-111728952.94317424
20260908,380A,Global X China Tech ETF,186102.96788380007
20260908,383A,MAXIS S&P500 Equal Weight ETF,231129.95319022983
20260908,404A,Global X China Tech Top 10 ETF,446246.0295614997
20260908,412A,NEXT FUNDS TIP FactSet Taiwan Innovative Technology 50 Index Exchange Traded Fund,-11117.135682452306
20260908,447A,State Street SPDR Gold ETF (JPY Unhedged),0.0
20260908,448A,State Street SPDR Gold ETF (JPY Hedged),618412280.9616925
20260908,449A,State Street SPDR S&P 500 ETF (JPY Unhedged),-62176584.82965297
20260908,450A,State Street SPDR S&P 500 ETF (JPY Hedged),24081732345.286922
20260908,451A,State Street SPDR S&P 500 High Dividend ETF (JPY Unhedged),0.0
20260908,452A,iShares S&P 500 Premium Income ETF,1544145.0
20260908,453A,iShares 20+ Year US Treasury Bond Premium Income ETF,567197.8200000001
20260908,461A,MAXIS Japan Equity High Dividend SMART 50 ETF,-29740.535488385965
20260908,486A,NEXT FUNDS EURO STOXX 50 (Unhedged) Exchange Traded Fund,-839204454.0533967
20260908,487A,NEXT FUNDS German Equity DAX (Unhedged) Exchange Traded Fund,-601945817.2608052
20260908,488A,iShares Yen Appreciation Focus ETF,-82042881696.7752
20260908,491A,iShares S&P 500 Ex-Financials JPY Hedged ETF,-155.2199993133545
20260908,518A,NEXT FUNDS FTSE Japan ex-REITs High Income Cash Flow 50 Index Exchange Traded Fund,104492060.0
20260908,531A,NZAM ETF Nikkei High Dividend 50,0.0
20260908,532A,NZAM ETF TOPIX High Dividend 40,0.0
20260908,552A,MAXIS US AI Infrastructure Equity ETF,640196.0937291485
20260908,563A,Global X Nasdaq 100 Daily Covered Call ETF,263188134888.11487
20260908,576A,Global X China Tech Covered Call ETF,527.9085
20260908,605A,NEXT FUNDS Japan Equity Policy Focus Exchange Traded Fund,102384420.0
20260908,606A,Gold 2x Bull ETF,-10339196.0
20260910,1306,TOPIX ETF,50100403385.0
20260910,1311,TOPIX Core 30 Exchange Traded,-413048810.0
20260910,1321,Nikkei 225 Exchange Traded Fund,29149215600.0
20260910,1325,NEXT FUNDS Ibovespa Linked Exchange Traded Fund,-1663873175.0268316
20260910,1328,NEXT FUNDS Gold Price Exchange Traded Fund,-1595749398553.3657
20260910,1329,iShares Nikkei 225 ETF,-1943281040.0
20260910,1343,NEXT FUNDS REIT INDEX ETF,1850605700.0
20260910,1348,MAXIS TOPIX ETF,11526612.5
20260910,1356,TOPIX Bear -2x ETF,96660.0
20260910,1357,NEXT FUNDS Nikkei 225 Double Inverse Index Exchange Traded Fund,-12694500.0
20260910,1360,Nikkei225 Bear -2x ETF,-3906000.0
20260910,1364,iShares JPX-Nikkei 400 ETF,2788499970.0
20260910,1369,One ETF Nikkei225,-1943215940.0
20260910,1397,SMAM NIKKEI225 ETF,-13883280.0
20260910,1398,SMAM REIT Index ETF,-1515391900.0
20260910,1458,Rakuten ETF-Nikkei 225 Leveraged Index,651000.0
20260910,1459,Rakuten ETF-Nikkei 225 Double Inverse Index,-1757700.0
20260910,1469,JPX-Nikkei 400 Bear -2x Double Inverse ETF,-216600.0
20260910,1472,NEXT FUNDS JPX-Nikkei 400 Double Inverse Index Exchange Traded Fund,-180500.0
20260910,1473,One ETF TOPIX,1204442.5
20260910,1474,One ETF JPX-Nikkei400,397100.0
20260910,1475,iShares TOPIX ETF,29037727760.0
20260910,1476,iShares Japan REIT ETF,-1634081400.0
20260910,1477,iShares MSCI Japan Minimum Volatility (ex-REITs) ETF,17889290.0
20260910,1482,iShares US Treasury Bond 7-10 Year JPY Hedged ETF,-792409022168.3579
20260910,1483,iShares JPX/S&P CAPEX & Human Capital ETF,21846320.0
20260910,1484,One ETF JPX/S&P CAPEX & Human Capital Index,-4212870.0
20260910,1489,NEXT FUNDS Nikkei 225 High Dividend Yield Stock 50 Index Exchange Traded Fund,1043476350.0
20260910,1493,One ETF JPX-Nikkei Mid Small,-59000.0
20260910,1494,One ETF High Dividend Japan Equity,-5359250.0
20260910,1499,MAXIS Japan Equity High Dividend 70 Market Neutral ETF,8055.0
20260910,1545,NEXT FUNDS NASDAQ-100,-411864516718.8008
20260910,1546,NEXT FUNDS Dow Jones Industrial Average Exchange Traded Fund,-71859391418.11684
20260910,1550,MAXIS Global Equity (MSCI Kokusai),2920489863.6161075
20260910,1559,NEXT FUNDS Thai Stock SET50 Exchange Traded Fund,-7481466572.702992
20260910,1560,NEXT FUNDS FTSE Bursa Malaysia KLCI Exchange Traded Fund,-943078170.2602321
20260910,1568,TOPIX Bull 2x ETF,-60412.5
20260910,1569,TOPIX Bear -1x ETF,-20137.5
20260910,1570,NEXT FUNDS Nikkei 225 Leveraged Index Exchange Traded Fund,-114185400.0
20260910,1571,NEXT FUNDS Nikkei 225 Inverse Index Exchange Traded Fund,-325500.0
20260910,1572,China Bull 2x HSCEI ETF,-25107.0
20260910,1573,China Bear -1x HSCEI ETF,-8369.0
20260910,1577,NEXT FUNDS Nomura Japan Equity High Dividend 70 Exchange Traded Fund,147152450.0
20260910,1579,Nikkei 225 Bull 2x ETF,-2604000.0
20260910,1580,Nikkei 225 Bear -1x ETF,-455700.0
20260910,1591,NEXT FUNDS JPX-Nikkei Index 400 Exchange Traded Fund,202200810.0
20260910,1593,MAXIS JPX-Nikkei Index 400 ETF,649800.0
20260910,1595,NZAM ETF J-REIT Index,1082736800.0
20260910,1597,MAXIS J-REIT ETF,429685668.0
20260910,1615,TOPIX Banks,94469290.0
20260910,1620,NEXT FUNDS TOPIX-17 RAW MATERIALS & CHEMICALS ETF,-160112610.0
20260910,1621,NEXT FUNDS TOPIX-17 PHARMACEUTICAL ETF,440238900.0
20260910,1623,NEXT FUNDS TOPIX-17 STEEL & NONFERROUS ETF,-347950.0
20260910,1630,NEXT FUNDS TOPIX-17 RETAIL TRADE ETF,114483810.0
20260910,1631,NEXT FUNDS TOPIX-17 BANKS ETF,427820270.0
20260910,1655,iShares S&P 500 ETF,2529898.8000000003
20260910,1656,iShares Core 7-10 Year US Treasury Bond ETF,-1237850518.699997
20260910,1657,iShares Core MSCI Kokusai ETF,90960.33
20260910,1660,MAXIS High Yield J-REIT ETF,6838700.0
20260910,1678,NEXT FUNDS Nifty Linked Exchange Traded Fund,-2546806604834.9243
20260910,1699,NEXT FUNDS NOMURA Crude Oil Long Index Linked Exchange Traded Fund,25839473060.39122
20260910,170A,SMT ETF Japan Equity Income Strategy Active,-470164931.3709197
20260910,179A,Global X 25+ Year T-Bond ETF (JPY Hedged),521952277.28715277
20260910,180A,Global X 25+ Year T-Bond ETF,161858105.41952726
20260910,181A,MAXIS US Treasury Bond 1-3 Year ETF (Unhedged),1398371335.1719728
20260910,182A,MAXIS US Treasury Bond 20+ Year ETF (Unhedged),15956344.194239149
20260910,183A,MAXIS US Treasury Bond 20+ Year ETF (JPY Hedged),248719393.995921
20260910,200A,NEXT FUNDS Nikkei Semiconductor Stock Index Exchange Traded Fund,214395200.0
20260910,2011,SMDAM Active ETF Japan High Dividend Equity,286400.0
20260910,2012,iShares 0-3 Month US Treasury Bond ETF,23482396170.0
20260910,2013,iShares US High Dividend ETF,292746.51
20260910,2014,iShares US Dividend Growth ETF,5495696.25
20260910,2083,NEXT FUNDS Japan Growth Equity Active Exchange Traded Fund,77640700.0
20260910,2084,NEXT FUNDS Japan High Dividend Equity Active Exchange Traded Fund,7044550.0
20260910,2094,TSE REIT Inverse ETF,-50634.0
20260910,221A,MAXIS Nikkei Semiconductor Stock (Japan) ETF,-1027223105.095499
20260910,2241,MAXIS NY Dow Industrial Average ETF,41464162.29417744
20260910,2242,MAXIS NY Dow Industrial Average ETF (JPY Hedged),7024608784.823021
20260910,2245,NEXT FUNDS Bloomberg Germany Treasury Bond (7-10 year) Index (Yen-Hedged) Exchange Traded Fund,-594065102.0331507
20260910,2255,iShares 20+ Year US Treasury Bond ETF,1443381950.4000006
20260910,2256,iShares US Aggregate Bond ETF,126745.20000000001
20260910,2257,iShares USD Investment Grade Corporate Bond ETF,44114.68
20260910,2258,iShares USD High Yield Corporate Bond ETF,78763.2
20260910,2259,iShares 7-10 Year France Government Bond JPY Hedged ETF,-17874707481.975998
20260910,236A,iShares 7-10 Year Japan Government Bond ETF,13060408700.0
20260910,237A,iShares 25+ Year US Treasury Bond Long Duration ETF,714510067.5999999
20260910,238A,iShares 25+ Year US Treasury Bond Long Duration JPY Hedged ETF,-140328723500.4216
20260910,2510,NEXT FUNDS Japan Bond NOMURA-BPI Exchange Traded Fund,68788345087.45909
20260910,2511,NEXT FUNDS International Bond FTSE World Government Bond Index (ex Japan Unhedged) Exchange Traded Fund,-131593463052.96608
20260910,2512,NEXT FUNDS International Bond FTSE World Government Bond Index (ex Japan Yen-Hedged) Exchange Traded Fund,58419998361262.234
20260910,2513,NEXT FUNDS International Equity MSCI-KOKUSAI (Unhedged) Exchange Traded Fund,-553601255073.7327
20260910,2514,NEXT FUNDS International Equity MSCI-KOKUSAI (Yen-Hedged) Exchange Traded Fund,3327088637648.072
20260910,2515,NEXT FUNDS International REIT S&P Developed REIT Index (ex Japan Unhedged) Exchange Traded Fund,-9935601292.259602
20260910,2516,TSE Mothers ETF,-807746.0
20260910,2517,MAXIS J-REIT Core ETF,6842700.0
20260910,2519,NEXT FUNDS Emerging Market Bond J.P. Morgan EMBI Plus (Unhedged) Exchange Traded Fund,-5944416.692664875
20260910,2520,NEXT FUNDS Emerging Market Equity MSCI-EM (Unhedged) Exchange Traded Fund,-135308589830.41017
20260910,2553,One ETF Southern China A-Share CSI 500,0.0
20260910,2554,NEXT FUNDS Bloomberg Barclays US Intermediate Corporate Index (JPY Hedged) Exchange Traded Fund,21186187.785128884
20260910,2555,TSE REIT ETF,1345109000.0
20260910,2556,One ETF Tokyo Stock Exchange REIT Index,2864274522.0
20260910,2558,MAXIS S&P500 US Equity,-1719293434.9416282
20260910,2559,MAXIS World Equity (MSCI ACWI),-877846354196.1881
20260910,2563,iShares S&P 500 JPY Hedged ETF,70092221577.87003
20260910,257A,SMT ETF Selected Japan Equity Active,-147959.97525339705
20260910,258A,SMT ETF Selected J-REIT Active,-130000.0
20260910,2620,iShares 1-3 Year US Treasury Bond ETF,11836503234.8
20260910,2621,iShares 20+ Year US Treasury Bond JPY Hedged ETF,-2494699493801.925
20260910,2630,MAXIS S&P500 US Equity (JPY Hedged),37134057761.13284
20260910,2631,MAXIS NASDAQ100,-247018229.50056416
20260910,2632,MAXIS NASDAQ100 (JPY Hedged),18716404106.11593
20260910,2633,NEXT FUNDS S&P 500 (Unhedged) Exchange Traded Fund,-58310017835.02866
20260910,2634,NEXT FUNDS S&P 500 (Yen-Hedged) Exchange Traded Fund,2048539921924.6008
20260910,2647,NEXT FUNDS Bloomberg US Treasury Bond (7-10 year) Index (Unhedged) Exchange Traded Fund,20677197.2005771
20260910,2648,NEXT FUNDS Bloomberg US Treasury Bond (7-10 year) Index (Yen-Hedged) Exchange Traded Fund,-193218147.24782825
20260910,2649,iShares Ginnie Mae MBS JPY Hedged ETF,2957405876.9900002
20260910,273A,SBI Saudi Arabia Equity Exchange Traded Fund,1604519.2267167505
20260910,2838,MAXIS 7-10 Year US Treasury Bond ETF (Unhedged),272394197.02305615
20260910,2839,MAXIS 7-10 Year US Treasury Bond ETF (Hedged),234425265.27701375
20260910,2845,NEXT FUNDS NASDAQ-100(R) (Yen-Hedged) Exchange Traded Fund,2405697136663.5366
20260910,2846,NEXT FUNDS DJIA (Yen-Hedged) Exchange Traded Fund,5050551367514.305
20260910,2851,iShares MSCI Japan SRI ETF,1780070.0
20260910,2853,iShares Climate Risk-Adjusted Global ex Japan Government Bond JPY Hedged ETF,11714327157111.426
20260910,2856,iShares 3-7 Year US Treasury Bond JPY Hedged ETF,-422035613723.4664
20260910,2857,iShares Germany Government Bond JPY Hedged ETF,-283769733676.006
20260910,2858,Global X Nikkei 225 Covered Call ETF (option premium reinvestment type),1301520.0
20260910,2859,NEXT FUNDS EURO STOXX 50 (Yen-Hedged) Exchange Traded Fund,195004712451.32816
20260910,2860,NEXT FUNDS German Equity DAX (Yen-Hedged) Exchange Traded Fund,717859659437.5465
20260910,295A,One ETF FTSE Saudi Arabia ETF,0.0
20260910,314A,iShares Gold ETF,1041208.8500000001
20260910,346A,NEXT FUNDS S&P 500 Semiconductors & Semiconductor Equipment (Industry Group) 35% Capped Index Exchange Traded Fund,-8936384716.530506
20260910,348A,MAXIS Yomiuri333 Japan Stock ETF,264946.3322081071
20260910,349A,SMDAM Active ETF Japanese Gross Equities,-241900.0
20260910,364A,NEXT FUNDS S&P 500 Dividend Aristocrats Index Exchange Traded Fund,-439609128.05094373
20260910,376A,NEXT FUNDS Bloomberg US Treasury Bond (7-10 year) Index (75% Yen-Hedged) Exchange Traded Fund,-551924422.696197
20260910,380A,Global X China Tech ETF,68486.75618092001
20260910,383A,MAXIS S&P500 Equal Weight ETF,186690130.63531616
20260910,392A,iShares Nasdaq Top 30 ETF,1748352.0
20260910,395A,Sector Restructuring Select ETF Regional Banks,228440600.0
20260910,404A,Global X China Tech Top 10 ETF,-613724.64280655
20260910,412A,NEXT FUNDS TIP FactSet Taiwan Innovative Technology 50 Index Exchange Traded Fund,-15616.71705184613
20260910,447A,State Street SPDR Gold ETF (JPY Unhedged),0.0
20260910,448A,State Street SPDR Gold ETF (JPY Hedged),618355019.0669081
20260910,449A,State Street SPDR S&P 500 ETF (JPY Unhedged),-66430846.938356884
20260910,450A,State Street SPDR S&P 500 ETF (JPY Hedged),24068331113.865387
20260910,451A,State Street SPDR S&P 500 High Dividend ETF (JPY Unhedged),148769.5
20260910,452A,iShares S&P 500 Premium Income ETF,2447797.2
20260910,453A,iShares 20+ Year US Treasury Bond Premium Income ETF,152945.31
20260910,461A,MAXIS Japan Equity High Dividend SMART 50 ETF,11954.754430997667
20260910,486A,NEXT FUNDS EURO STOXX 50 (Unhedged) Exchange Traded Fund,-963952699.7694033
20260910,487A,NEXT FUNDS German Equity DAX (Unhedged) Exchange Traded Fund,-601769599.8090389
20260910,488A,iShares Yen Appreciation Focus ETF,-190789967413.58438
20260910,491A,iShares S&P 500 Ex-Financials JPY Hedged ETF,0.0
20260910,493A,One ETF Japanese Government Bond 1-3 years,973794000.0
20260910,494A,One ETF Japanese Government Bond 3-7 years,-8762687000.0
20260910,495A,One ETF Japanese Government Bond 7-10 years,-1984248500.0
20260910,526A,JPX Startup100 ETF,-2316140.0
20260910,531A,NZAM ETF Nikkei High Dividend 50,0.0
20260910,532A,NZAM ETF TOPIX High Dividend 40,0.0
20260910,552A,MAXIS US AI Infrastructure Equity ETF,-60130.464303525456
20260910,563A,Global X Nasdaq 100 Daily Covered Call ETF,-263201232787.73953
20260910,570A,iShares 0-1 Year Japan Government Bond ETF,3957264800.0
20260910,571A,iShares 1-3 Year Japan Government Bond ETF,-1996307100.0
20260910,572A,iShares 3-7 Year Japan Government Bond ETF,1978430300.0
20260910,573A,iShares 20+  Year Japan Government Bond ETF,19782264775.0
20260910,576A,Global X China Tech Covered Call ETF,-612.24
20260910,586A,NEXT FUNDS Nikkei Japan Entertainment Content Stock Index Exchange Traded Fund,121941900.0
20260910,606A,Gold 2x Bull ETF,-2478016.0
20260910,633A,Global X Korea Semiconductor Top 10 ETF,1500633518.2782874
20260911,1306,TOPIX ETF,38033422530.0
20260911,1321,Nikkei 225 Exchange Traded Fund,-1947104380.0
20260911,1325,NEXT FUNDS Ibovespa Linked Exchange Traded Fund,-1210003335.418689
20260911,1328,NEXT FUNDS Gold Price Exchange Traded Fund,-1580098483105.0566
20260911,1343,NEXT FUNDS REIT INDEX ETF,428225250.0
20260911,1348,MAXIS TOPIX ETF,-3781862260.0
20260911,1356,TOPIX Bear -2x ETF,4031.5
20260911,1357,NEXT FUNDS Nikkei 225 Double Inverse Index Exchange Traded Fund,1692340.0
20260911,1360,Nikkei225 Bear -2x ETF,455630.0
20260911,1458,Rakuten ETF-Nikkei 225 Leveraged Index,6899540.0
20260911,1459,Rakuten ETF-Nikkei 225 Double Inverse Index,65090.0
20260911,1472,NEXT FUNDS JPX-Nikkei 400 Double Inverse Index Exchange Traded Fund,36170.0
20260911,1474,One ETF JPX-Nikkei400,-36170.0
20260911,1475,iShares TOPIX ETF,12470622263.0
20260911,1476,iShares Japan REIT ETF,-1274373800.0
20260911,1482,iShares US Treasury Bond 7-10 Year JPY Hedged ETF,-846965049922.1383
20260911,1484,One ETF JPX/S&P CAPEX & Human Capital Index,10386140.0
20260911,1489,NEXT FUNDS Nikkei 225 High Dividend Yield Stock 50 Index Exchange Traded Fund,543421957.0
20260911,1494,One ETF High Dividend Japan Equity,14780850.0
20260911,1498,One ETF ESG,1723490.0
20260911,1545,NEXT FUNDS NASDAQ-100,-410407846497.4307
20260911,1546,NEXT FUNDS Dow Jones Industrial Average Exchange Traded Fund,-70364828861.29309
20260911,1550,MAXIS Global Equity (MSCI Kokusai),327612637.28784513
20260911,1559,NEXT FUNDS Thai Stock SET50 Exchange Traded Fund,-8273162386.666982
20260911,1560,NEXT FUNDS FTSE Bursa Malaysia KLCI Exchange Traded Fund,-959972019.1441786
20260911,1568,TOPIX Bull 2x ETF,32252.0
20260911,1570,NEXT FUNDS Nikkei 225 Leveraged Index Exchange Traded Fund,15881960.0
20260911,1572,China Bull 2x HSCEI ETF,-33376.0
20260911,1573,China Bear -1x HSCEI ETF,-16688.0
20260911,1577,NEXT FUNDS Nomura Japan Equity High Dividend 70 Exchange Traded Fund,145272120.0
20260911,1579,Nikkei 225 Bull 2x ETF,-195270.0
20260911,1593,MAXIS JPX-Nikkei Index 400 ETF,-36170.0
20260911,1595,NZAM ETF J-REIT Index,1086404450.0
20260911,1615,TOPIX Banks,-677443460.0
20260911,1617,NEXT FUNDS TOPIX-17 FOODS ETF,5660800.0
20260911,1619,NEXT FUNDS TOPIX-17 CONSTRUCTION & MATERIALS ETF,17899350.0
20260911,1631,NEXT FUNDS TOPIX-17 BANKS ETF,249624800.0
20260911,1655,iShares S&P 500 ETF,3834330.5
20260911,1656,iShares Core 7-10 Year US Treasury Bond ETF,-7469621206.100002
20260911,1678,NEXT FUNDS Nifty Linked Exchange Traded Fund,-2396873839154.1006
20260911,1699,NEXT FUNDS NOMURA Crude Oil Long Index Linked Exchange Traded Fund,25900072301.475807
20260911,170A,SMT ETF Japan Equity Income Strategy Active,-1025702.4243103911
20260911,179A,Global X 25+ Year T-Bond ETF (JPY Hedged),-228325181.57446674
20260911,180A,Global X 25+ Year T-Bond ETF,-38114716.36392179
20260911,181A,MAXIS US Treasury Bond 1-3 Year ETF (Unhedged),1824806223.34148
20260911,182A,MAXIS US Treasury Bond 20+ Year ETF (Unhedged),359417.9076756928
20260911,183A,MAXIS US Treasury Bond 20+ Year ETF (JPY Hedged),258632416.8227193
20260911,200A,NEXT FUNDS Nikkei Semiconductor Stock Index Exchange Traded Fund,-657416300.0
20260911,2012,iShares 0-3 Month US Treasury Bond ETF,-11290745409.999998
20260911,2013,iShares US High Dividend ETF,97214.43999999999
20260911,2014,iShares US Dividend Growth ETF,298503.0
20260911,2080,PBR Improvement over 1x ETF,-225024820.0
20260911,2081,Strategic Shareholding Disposal Promotion ETF,-14801900.0
20260911,2083,NEXT FUNDS Japan Growth Equity Active Exchange Traded Fund,83277800.0
20260911,2094,TSE REIT Inverse ETF,3501.0
20260911,221A,MAXIS Nikkei Semiconductor Stock (Japan) ETF,14156920.045146642
20260911,2241,MAXIS NY Dow Industrial Average ETF,1206829.813671151
20260911,2242,MAXIS NY Dow Industrial Average ETF (JPY Hedged),8755273423.634474
20260911,2245,NEXT FUNDS Bloomberg Germany Treasury Bond (7-10 year) Index (Yen-Hedged) Exchange Traded Fund,-227943889.73979852
20260911,2255,iShares 20+ Year US Treasury Bond ETF,3902022658.3999996
20260911,2259,iShares 7-10 Year France Government Bond JPY Hedged ETF,-20082108680.754997
20260911,236A,iShares 7-10 Year Japan Government Bond ETF,110046221300.0
20260911,237A,iShares 25+ Year US Treasury Bond Long Duration ETF,210688084.69999993
20260911,238A,iShares 25+ Year US Treasury Bond Long Duration JPY Hedged ETF,-141350746189.00363
20260911,2510,NEXT FUNDS Japan Bond NOMURA-BPI Exchange Traded Fund,441141421025.1625
20260911,2511,NEXT FUNDS International Bond FTSE World Government Bond Index (ex Japan Unhedged) Exchange Traded Fund,-135409822574.68735
20260911,2512,NEXT FUNDS International Bond FTSE World Government Bond Index (ex Japan Yen-Hedged) Exchange Traded Fund,58852579204527.305
20260911,2513,NEXT FUNDS International Equity MSCI-KOKUSAI (Unhedged) Exchange Traded Fund,-559428953266.737
20260911,2514,NEXT FUNDS International Equity MSCI-KOKUSAI (Yen-Hedged) Exchange Traded Fund,3331482991449.1333
20260911,2515,NEXT FUNDS International REIT S&P Developed REIT Index (ex Japan Unhedged) Exchange Traded Fund,-9406559022.845709
20260911,2516,TSE Mothers ETF,-82425.0
20260911,2519,NEXT FUNDS Emerging Market Bond J.P. Morgan EMBI Plus (Unhedged) Exchange Traded Fund,-4875531.0967066
20260911,2520,NEXT FUNDS Emerging Market Equity MSCI-EM (Unhedged) Exchange Traded Fund,-97857510509.56876
20260911,2527,NZAM ETF J-REIT Core Index,759947300.0
20260911,2553,One ETF Southern China A-Share CSI 500,0.0
20260911,2554,NEXT FUNDS Bloomberg Barclays US Intermediate Corporate Index (JPY Hedged) Exchange Traded Fund,31119365.83372032
20260911,2555,TSE REIT ETF,809243100.0
20260911,2556,One ETF Tokyo Stock Exchange REIT Index,287322854.5
20260911,2558,MAXIS S&P500 US Equity,-134327079.23931667
20260911,2559,MAXIS World Equity (MSCI ACWI),-327707655485.9968
20260911,2563,iShares S&P 500 JPY Hedged ETF,-459659.9999873638
20260911,257A,SMT ETF Selected Japan Equity Active,-82609.39922360604
20260911,258A,SMT ETF Selected J-REIT Active,1163000.0
20260911,2620,iShares 1-3 Year US Treasury Bond ETF,42054560943.2
20260911,2621,iShares 20+ Year US Treasury Bond JPY Hedged ETF,-2598908255920.0034
20260911,2630,MAXIS S&P500 US Equity (JPY Hedged),-49067282.518406585
20260911,2631,MAXIS NASDAQ100,-117878698.78757694
20260911,2632,MAXIS NASDAQ100 (JPY Hedged),18184313411.763645
20260911,2633,NEXT FUNDS S&P 500 (Unhedged) Exchange Traded Fund,-57349771127.66718
20260911,2634,NEXT FUNDS S&P 500 (Yen-Hedged) Exchange Traded Fund,2038885045000.5847
20260911,2647,NEXT FUNDS Bloomberg US Treasury Bond (7-10 year) Index (Unhedged) Exchange Traded Fund,1499006.1775074813
20260911,2648,NEXT FUNDS Bloomberg US Treasury Bond (7-10 year) Index (Yen-Hedged) Exchange Traded Fund,79433478.37471443
20260911,2649,iShares Ginnie Mae MBS JPY Hedged ETF,0.0
20260911,273A,SBI Saudi Arabia Equity Exchange Traded Fund,743.8998572144061
20260911,2838,MAXIS 7-10 Year US Treasury Bond ETF (Unhedged),978120.1992010747
20260911,2839,MAXIS 7-10 Year US Treasury Bond ETF (Hedged),-18763956.178195152
20260911,2845,NEXT FUNDS NASDAQ-100(R) (Yen-Hedged) Exchange Traded Fund,2398502195347.791
20260911,2846,NEXT FUNDS DJIA (Yen-Hedged) Exchange Traded Fund,4461884899302.677
20260911,2853,iShares Climate Risk-Adjusted Global ex Japan Government Bond JPY Hedged ETF,11551683694745.43
20260911,2856,iShares 3-7 Year US Treasury Bond JPY Hedged ETF,-428441346889.52155
20260911,2857,iShares Germany Government Bond JPY Hedged ETF,-289195068295.17096
20260911,2858,Global X Nikkei 225 Covered Call ETF (option premium reinvestment type),1266800.0
20260911,2859,NEXT FUNDS EURO STOXX 50 (Yen-Hedged) Exchange Traded Fund,191625239131.1321
20260911,2860,NEXT FUNDS German Equity DAX (Yen-Hedged) Exchange Traded Fund,705323030219.6152
20260911,295A,One ETF FTSE Saudi Arabia ETF,0.0
20260911,346A,NEXT FUNDS S&P 500 Semiconductors & Semiconductor Equipment (Industry Group) 35% Capped Index Exchange Traded Fund,-8901449499.952946
20260911,348A,MAXIS Yomiuri333 Japan Stock ETF,72663105.9863196
20260911,349A,SMDAM Active ETF Japanese Gross Equities,117700.0
20260911,364A,NEXT FUNDS S&P 500 Dividend Aristocrats Index Exchange Traded Fund,-442835775.5480627
20260911,376A,NEXT FUNDS Bloomberg US Treasury Bond (7-10 year) Index (75% Yen-Hedged) Exchange Traded Fund,255876350.17510903
20260911,380A,Global X China Tech ETF,69794.03743305
20260911,383A,MAXIS S&P500 Equal Weight ETF,-546486.3724837224
20260911,404A,Global X China Tech Top 10 ETF,7854164.80379665
20260911,408A,iShares A.I. Global Innovation Active ETF,-558510.9299999999
20260911,412A,NEXT FUNDS TIP FactSet Taiwan Innovative Technology 50 Index Exchange Traded Fund,33462091.884102345
20260911,447A,State Street SPDR Gold ETF (JPY Unhedged),0.0
20260911,448A,State Street SPDR Gold ETF (JPY Hedged),618355019.0669081
20260911,449A,State Street SPDR S&P 500 ETF (JPY Unhedged),-66519907.25143932
20260911,450A,State Street SPDR S&P 500 ETF (JPY Hedged),24067483326.590973
20260911,451A,State Street SPDR S&P 500 High Dividend ETF (JPY Unhedged),0.0
20260911,452A,iShares S&P 500 Premium Income ETF,1532958.0
20260911,461A,MAXIS Japan Equity High Dividend SMART 50 ETF,-71442.41777979395
20260911,486A,NEXT FUNDS EURO STOXX 50 (Unhedged) Exchange Traded Fund,-970214931.7878128
20260911,487A,NEXT FUNDS German Equity DAX (Unhedged) Exchange Traded Fund,-589853015.7815088
20260911,488A,iShares Yen Appreciation Focus ETF,-120636589984.29712
20260911,491A,iShares S&P 500 Ex-Financials JPY Hedged ETF,0.0
20260911,530A,NZAM ETF J-REIT Index (2 5 8 11),201015450.0
20260911,531A,NZAM ETF Nikkei High Dividend 50,0.0
20260911,532A,NZAM ETF TOPIX High Dividend 40,0.0
20260911,541A,One ETF Topix High Dividend Growth Index,1041520.0
20260911,552A,MAXIS US AI Infrastructure Equity ETF,208564.80347050403
20260911,563A,Global X Nasdaq 100 Daily Covered Call ETF,42443751438.537735
20260911,573A,iShares 20+  Year Japan Government Bond ETF,9819293249.0
20260911,576A,Global X China Tech Covered Call ETF,11057795.022718
20260911,585A,NV Bottom Up Equity Investment Strategy Active ETF,864250.0
20260911,586A,NEXT FUNDS Nikkei Japan Entertainment Content Stock Index Exchange Traded Fund,1088426900.0
20260911,606A,Gold 2x Bull ETF,-57200.0
20260911,633A,Global X Korea Semiconductor Top 10 ETF,39953551047.88019
20260911,635A,SMBC Prime Japan Short Term Bond ETF (Monthly Pay-Out),74559998050.0
20260911,636A,SMBC Prime Japan Short Term Bond ETF (Annual Pay-Out),74559998050.0
20260914,1306,TOPIX ETF,50384233210.0
20260914,1325,NEXT FUNDS Ibovespa Linked Exchange Traded Fund,-1197274505.5862434
20260914,1328,NEXT FUNDS Gold Price Exchange Traded Fund,-1555993013861.998
20260914,1329,iShares Nikkei 225 ETF,3819057500.0
20260914,1348,MAXIS TOPIX ETF,-3757353290.0
20260914,1356,TOPIX Bear -2x ETF,40075.0
20260914,1357,NEXT FUNDS Nikkei 225 Double Inverse Index Exchange Traded Fund,-4924920.0
20260914,1360,Nikkei225 Bear -2x ETF,-191880.0
20260914,1397,SMAM NIKKEI225 ETF,1909528750.0
20260914,1398,SMAM REIT Index ETF,271471100.0
20260914,1458,Rakuten ETF-Nikkei 225 Leveraged Index,-511680.0
20260914,1459,Rakuten ETF-Nikkei 225 Double Inverse Index,191880.0
20260914,1469,JPX-Nikkei 400 Bear -2x Double Inverse ETF,-71870.0
20260914,1472,NEXT FUNDS JPX-Nikkei 400 Double Inverse Index Exchange Traded Fund,-35935.0
20260914,1473,One ETF TOPIX,-1224278610.0
20260914,1474,One ETF JPX-Nikkei400,-35935.0
20260914,1475,iShares TOPIX ETF,4129865920.0
20260914,1482,iShares US Treasury Bond 7-10 Year JPY Hedged ETF,-845156221932.076
20260914,1489,NEXT FUNDS Nikkei 225 High Dividend Yield Stock 50 Index Exchange Traded Fund,-1001743630.0
20260914,1545,NEXT FUNDS NASDAQ-100,-404764725786.7659
20260914,1546,NEXT FUNDS Dow Jones Industrial Average Exchange Traded Fund,-69382923183.74417
20260914,1550,MAXIS Global Equity (MSCI Kokusai),2697783022.3586826
20260914,1559,NEXT FUNDS Thai Stock SET50 Exchange Traded Fund,-8562003275.389574
20260914,1560,NEXT FUNDS FTSE Bursa Malaysia KLCI Exchange Traded Fund,-953754706.2609236
20260914,1568,TOPIX Bull 2x ETF,44082.5
20260914,1570,NEXT FUNDS Nikkei 225 Leveraged Index Exchange Traded Fund,-8698560.0
20260914,1571,NEXT FUNDS Nikkei 225 Inverse Index Exchange Traded Fund,-319800.0
20260914,1572,China Bull 2x HSCEI ETF,-8260.0
20260914,1573,China Bear -1x HSCEI ETF,-8260.0
20260914,1579,Nikkei 225 Bull 2x ETF,-4157400.0
20260914,1580,Nikkei 225 Bear -1x ETF,-191880.0
20260914,1593,MAXIS JPX-Nikkei Index 400 ETF,-35935.0
20260914,1595,NZAM ETF J-REIT Index,537901800.0
20260914,1615,TOPIX Banks,-2965739080.0
20260914,1655,iShares S&P 500 ETF,-4900445.55
20260914,1656,iShares Core 7-10 Year US Treasury Bond ETF,-1115854447.400004
20260914,1657,iShares Core MSCI Kokusai ETF,39485.475
20260914,1658,iShares Core MSCI Emerging Markets IMI ETF,877800.7999999999
20260914,1678,NEXT FUNDS Nifty Linked Exchange Traded Fund,-2299503515932.764
20260914,1699,NEXT FUNDS NOMURA Crude Oil Long Index Linked Exchange Traded Fund,25067352078.119877
20260914,170A,SMT ETF Japan Equity Income Strategy Active,-829599.7082648999
20260914,179A,Global X 25+ Year T-Bond ETF (JPY Hedged),157551189.9758106
20260914,180A,Global X 25+ Year T-Bond ETF,-157547178.98077902
20260914,181A,MAXIS US Treasury Bond 1-3 Year ETF (Unhedged),-665423551.5413362
20260914,182A,MAXIS US Treasury Bond 20+ Year ETF (Unhedged),3488030.5409204606
20260914,183A,MAXIS US Treasury Bond 20+ Year ETF (JPY Hedged),-23106578.196360078
20260914,2012,iShares 0-3 Month US Treasury Bond ETF,546055582.0000002
20260914,2083,NEXT FUNDS Japan Growth Equity Active Exchange Traded Fund,5658300.0
20260914,2094,TSE REIT Inverse ETF,-5205.0
20260914,221A,MAXIS Nikkei Semiconductor Stock (Japan) ETF,-12461438.334764121
20260914,2241,MAXIS NY Dow Industrial Average ETF,-31471123.677448526
20260914,2242,MAXIS NY Dow Industrial Average ETF (JPY Hedged),-97860233.12583098
20260914,2245,NEXT FUNDS Bloomberg Germany Treasury Bond (7-10 year) Index (Yen-Hedged) Exchange Traded Fund,-576332794.7179539
20260914,2255,iShares 20+ Year US Treasury Bond ETF,1210169437.5999994
20260914,2259,iShares 7-10 Year France Government Bond JPY Hedged ETF,-18255393725.396
20260914,237A,iShares 25+ Year US Treasury Bond Long Duration ETF,895565997.9000003
20260914,238A,iShares 25+ Year US Treasury Bond Long Duration JPY Hedged ETF,-155099328387.6892
20260914,2510,NEXT FUNDS Japan Bond NOMURA-BPI Exchange Traded Fund,2798780346125.8203
20260914,2511,NEXT FUNDS International Bond FTSE World Government Bond Index (ex Japan Unhedged) Exchange Traded Fund,-134308318588.0839
20260914,2512,NEXT FUNDS International Bond FTSE World Government Bond Index (ex Japan Yen-Hedged) Exchange Traded Fund,46466548904390.836
20260914,2513,NEXT FUNDS International Equity MSCI-KOKUSAI (Unhedged) Exchange Traded Fund,-505611073639.32935
20260914,2514,NEXT FUNDS International Equity MSCI-KOKUSAI (Yen-Hedged) Exchange Traded Fund,2806293296347.77
20260914,2515,NEXT FUNDS International REIT S&P Developed REIT Index (ex Japan Unhedged) Exchange Traded Fund,-9778458069.368095
20260914,2519,NEXT FUNDS Emerging Market Bond J.P. Morgan EMBI Plus (Unhedged) Exchange Traded Fund,-10162500.202113386
20260914,2520,NEXT FUNDS Emerging Market Equity MSCI-EM (Unhedged) Exchange Traded Fund,-98069906735.84016
20260914,2522,iShares Automation & Robot ETF,544698.0
20260914,2553,One ETF Southern China A-Share CSI 500,0.0
20260914,2554,NEXT FUNDS Bloomberg Barclays US Intermediate Corporate Index (JPY Hedged) Exchange Traded Fund,28764426.340062536
20260914,2556,One ETF Tokyo Stock Exchange REIT Index,996243600.0
20260914,2558,MAXIS S&P500 US Equity,819587937.4002383
20260914,2559,MAXIS World Equity (MSCI ACWI),-627147633519.5026
20260914,2563,iShares S&P 500 JPY Hedged ETF,84238780708.67
20260914,257A,SMT ETF Selected Japan Equity Active,-59885.990978390895
20260914,2620,iShares 1-3 Year US Treasury Bond ETF,2853892375.3999963
20260914,2621,iShares 20+ Year US Treasury Bond JPY Hedged ETF,-2656862654964.066
20260914,2630,MAXIS S&P500 US Equity (JPY Hedged),8113756323.868269
20260914,2631,MAXIS NASDAQ100,554454.3136598279
20260914,2632,MAXIS NASDAQ100 (JPY Hedged),3626795.0057647657
20260914,2633,NEXT FUNDS S&P 500 (Unhedged) Exchange Traded Fund,-68268058050.36388
20260914,2634,NEXT FUNDS S&P 500 (Yen-Hedged) Exchange Traded Fund,2026605049435.9744
20260914,2647,NEXT FUNDS Bloomberg US Treasury Bond (7-10 year) Index (Unhedged) Exchange Traded Fund,1506562.839393753
20260914,2648,NEXT FUNDS Bloomberg US Treasury Bond (7-10 year) Index (Yen-Hedged) Exchange Traded Fund,83143029.3842505
20260914,2649,iShares Ginnie Mae MBS JPY Hedged ETF,-4.76837158203125e-07
20260914,273A,SBI Saudi Arabia Equity Exchange Traded Fund,-891.211160254917
20260914,2838,MAXIS 7-10 Year US Treasury Bond ETF (Unhedged),19200797.8541031
20260914,2839,MAXIS 7-10 Year US Treasury Bond ETF (Hedged),17326851.94580787
20260914,2845,NEXT FUNDS NASDAQ-100(R) (Yen-Hedged) Exchange Traded Fund,2373412408462.181
20260914,2846,NEXT FUNDS DJIA (Yen-Hedged) Exchange Traded Fund,4434743605016.274
20260914,2853,iShares Climate Risk-Adjusted Global ex Japan Government Bond JPY Hedged ETF,11534290261533.06
20260914,2856,iShares 3-7 Year US Treasury Bond JPY Hedged ETF,-430569000581.51337
20260914,2857,iShares Germany Government Bond JPY Hedged ETF,-276098167033.799
20260914,2858,Global X Nikkei 225 Covered Call ETF (option premium reinvestment type),2250800.0
20260914,2859,NEXT FUNDS EURO STOXX 50 (Yen-Hedged) Exchange Traded Fund,190937137578.80872
20260914,2860,NEXT FUNDS German Equity DAX (Yen-Hedged) Exchange Traded Fund,701580459795.8856
20260914,295A,One ETF FTSE Saudi Arabia ETF,0.0
20260914,314A,iShares Gold ETF,1033254.875
20260914,346A,NEXT FUNDS S&P 500 Semiconductors & Semiconductor Equipment (Industry Group) 35% Capped Index Exchange Traded Fund,-8777574204.381124
20260914,348A,MAXIS Yomiuri333 Japan Stock ETF,387939.43779330095
20260914,349A,SMDAM Active ETF Japanese Gross Equities,-535700.0
20260914,364A,NEXT FUNDS S&P 500 Dividend Aristocrats Index Exchange Traded Fund,-424322267.5525089
20260914,376A,NEXT FUNDS Bloomberg US Treasury Bond (7-10 year) Index (75% Yen-Hedged) Exchange Traded Fund,-58927723.93791517
20260914,380A,Global X China Tech ETF,66510.78336028
20260914,383A,MAXIS S&P500 Equal Weight ETF,-195916725.70753735
20260914,404A,Global X China Tech Top 10 ETF,480271.62482900993
20260914,412A,NEXT FUNDS TIP FactSet Taiwan Innovative Technology 50 Index Exchange Traded Fund,-5373.432400415389
20260914,447A,State Street SPDR Gold ETF (JPY Unhedged),0.0
20260914,448A,State Street SPDR Gold ETF (JPY Hedged),660839653.3898329
20260914,449A,State Street SPDR S&P 500 ETF (JPY Unhedged),-66308511.259224966
20260914,450A,State Street SPDR S&P 500 ETF (JPY Hedged),24069652382.59202
20260914,451A,State Street SPDR S&P 500 High Dividend ETF (JPY Unhedged),0.0
20260914,452A,iShares S&P 500 Premium Income ETF,818458.0800000001
20260914,453A,iShares 20+ Year US Treasury Bond Premium Income ETF,467248.50000000006
20260914,459A,Nomura High-Yield J-REIT Index ETF,-2040700.0
20260914,461A,MAXIS Japan Equity High Dividend SMART 50 ETF,79953.37566318968
20260914,486A,NEXT FUNDS EURO STOXX 50 (Unhedged) Exchange Traded Fund,-948221068.150719
20260914,487A,NEXT FUNDS German Equity DAX (Unhedged) Exchange Traded Fund,-574396079.2292638
20260914,488A,iShares Yen Appreciation Focus ETF,-120093700736.3695
20260914,491A,iShares S&P 500 Ex-Financials JPY Hedged ETF,0.0
20260914,518A,NEXT FUNDS FTSE Japan ex-REITs High Income Cash Flow 50 Index Exchange Traded Fund,102725540.0
20260914,531A,NZAM ETF Nikkei High Dividend 50,0.0
20260914,532A,NZAM ETF TOPIX High Dividend 40,0.0
20260914,552A,MAXIS US AI Infrastructure Equity ETF,-574969.3278361569
20260914,563A,Global X Nasdaq 100 Daily Covered Call ETF,-14214334008.783321
20260914,573A,iShares 20+  Year Japan Government Bond ETF,9731281425.0
20260914,576A,Global X China Tech Covered Call ETF,3742746.3054995
20260914,606A,Gold 2x Bull ETF,7846764.0
20260914,612A,One ETF JGB Futures Short Index,1626.82
20260914,633A,Global X Korea Semiconductor Top 10 ETF,-18940665422.667336
20260915,1306,TOPIX ETF,29608648690.0
20260915,1321,Nikkei 225 Exchange Traded Fund,-37881315800.0
20260915,1325,NEXT FUNDS Ibovespa Linked Exchange Traded Fund,-1212430847.7977705
20260915,1328,NEXT FUNDS Gold Price Exchange Traded Fund,-1536356176119.8574
20260915,1329,iShares Nikkei 225 ETF,-1894065790.0
20260915,1343,NEXT FUNDS REIT INDEX ETF,142192200.0
20260915,1346,MAXIS NIKKEI225 ETF,-63350.0
20260915,1356,TOPIX Bear -2x ETF,12112.5
20260915,1357,NEXT FUNDS Nikkei 225 Double Inverse Index Exchange Traded Fund,-3864350.0
20260915,1360,Nikkei225 Bear -2x ETF,823550.0
20260915,1397,SMAM NIKKEI225 ETF,1894065790.0
20260915,1398,SMAM REIT Index ETF,546025600.0
20260915,1458,Rakuten ETF-Nikkei 225 Leveraged Index,886900.0
20260915,1459,Rakuten ETF-Nikkei 225 Double Inverse Index,-443450.0
20260915,1469,JPX-Nikkei 400 Bear -2x Double Inverse ETF,108930.0
20260915,1472,NEXT FUNDS JPX-Nikkei 400 Double Inverse Index Exchange Traded Fund,36310.0
20260915,1474,One ETF JPX-Nikkei400,-36310.0
20260915,1475,iShares TOPIX ETF,-2080205370.0
20260915,1476,iShares Japan REIT ETF,-1088547600.0
20260915,1482,iShares US Treasury Bond 7-10 Year JPY Hedged ETF,-904836931645.524
20260915,1545,NEXT FUNDS NASDAQ-100,-817386732084.1451
20260915,1546,NEXT FUNDS Dow Jones Industrial Average Exchange Traded Fund,-70859793525.35379
20260915,1550,MAXIS Global Equity (MSCI Kokusai),2501508786.0295744
20260915,1559,NEXT FUNDS Thai Stock SET50 Exchange Traded Fund,-8511777876.155011
20260915,1560,NEXT FUNDS FTSE Bursa Malaysia KLCI Exchange Traded Fund,-1062726264.1509191
20260915,1568,TOPIX Bull 2x ETF,40375.0
20260915,1570,NEXT FUNDS Nikkei 225 Leveraged Index Exchange Traded Fund,65947350.0
20260915,1571,NEXT FUNDS Nikkei 225 Inverse Index Exchange Traded Fund,-190050.0
20260915,1572,China Bull 2x HSCEI ETF,16490.0
20260915,1573,China Bear -1x HSCEI ETF,8245.0
20260915,1579,Nikkei 225 Bull 2x ETF,2850750.0
20260915,1580,Nikkei 225 Bear -1x ETF,-126700.0
20260915,1593,MAXIS JPX-Nikkei Index 400 ETF,-145240.0
20260915,1595,NZAM ETF J-REIT Index,540954800.0
20260915,1597,MAXIS J-REIT ETF,-3489.0
20260915,1615,TOPIX Banks,1631174100.0
20260915,1629,NEXT FUNDS TOPIX-17 COMMERCIAL & WHOLESALE TRADE ETF,-280188250.0
20260915,1655,iShares S&P 500 ETF,5820065.68
20260915,1656,iShares Core 7-10 Year US Treasury Bond ETF,-3100289310.199998
20260915,1657,iShares Core MSCI Kokusai ETF,231861.09
20260915,1660,MAXIS High Yield J-REIT ETF,-1744.5
20260915,1678,NEXT FUNDS Nifty Linked Exchange Traded Fund,-2260492560178.7197
20260915,1699,NEXT FUNDS NOMURA Crude Oil Long Index Linked Exchange Traded Fund,19646480823.069324
20260915,170A,SMT ETF Japan Equity Income Strategy Active,-1219556.0409648968
20260915,179A,Global X 25+ Year T-Bond ETF (JPY Hedged),17737.14576645789
20260915,180A,Global X 25+ Year T-Bond ETF,363.4473233382
20260915,181A,MAXIS US Treasury Bond 1-3 Year ETF (Unhedged),-1888155112.0350883
20260915,182A,MAXIS US Treasury Bond 20+ Year ETF (Unhedged),-5691611.544106601
20260915,183A,MAXIS US Treasury Bond 20+ Year ETF (JPY Hedged),-94480797.28696784
20260915,200A,NEXT FUNDS Nikkei Semiconductor Stock Index Exchange Traded Fund,1002015650.0
20260915,2011,SMDAM Active ETF Japan High Dividend Equity,6603160.0
20260915,2012,iShares 0-3 Month US Treasury Bond ETF,554068726.9999998
20260915,2013,iShares US High Dividend ETF,97348.16
20260915,2081,Strategic Shareholding Disposal Promotion ETF,-1210000.0
20260915,2082,Investor-Management Unite as One ETF,-2178000.0
20260915,2083,NEXT FUNDS Japan Growth Equity Active Exchange Traded Fund,-36358400.0
20260915,2094,TSE REIT Inverse ETF,-123859.5
20260915,221A,MAXIS Nikkei Semiconductor Stock (Japan) ETF,-16134948.051853292
20260915,2241,MAXIS NY Dow Industrial Average ETF,3997910.764456213
20260915,2242,MAXIS NY Dow Industrial Average ETF (JPY Hedged),12669036.775975827
20260915,2245,NEXT FUNDS Bloomberg Germany Treasury Bond (7-10 year) Index (Yen-Hedged) Exchange Traded Fund,-85458290.50056064
20260915,2251,NEXT FUNDS JPX JGB Futures Double Inverse Index Exchange Traded Fund,-125.16
20260915,2255,iShares 20+ Year US Treasury Bond ETF,3211810798.799999
20260915,2259,iShares 7-10 Year France Government Bond JPY Hedged ETF,-22625850298.760002
20260915,237A,iShares 25+ Year US Treasury Bond Long Duration ETF,1247937743.3999999
20260915,238A,iShares 25+ Year US Treasury Bond Long Duration JPY Hedged ETF,-158552954703.717
20260915,2510,NEXT FUNDS Japan Bond NOMURA-BPI Exchange Traded Fund,31973084140.989796
20260915,2511,NEXT FUNDS International Bond FTSE World Government Bond Index (ex Japan Unhedged) Exchange Traded Fund,-136916142311.27925
20260915,2512,NEXT FUNDS International Bond FTSE World Government Bond Index (ex Japan Yen-Hedged) Exchange Traded Fund,46075088856447.59
20260915,2513,NEXT FUNDS International Equity MSCI-KOKUSAI (Unhedged) Exchange Traded Fund,-528911253215.3993
20260915,2514,NEXT FUNDS International Equity MSCI-KOKUSAI (Yen-Hedged) Exchange Traded Fund,2832616634791.081
20260915,2515,NEXT FUNDS International REIT S&P Developed REIT Index (ex Japan Unhedged) Exchange Traded Fund,-9431865427.313013
20260915,2517,MAXIS J-REIT Core ETF,-1744.5
20260915,2519,NEXT FUNDS Emerging Market Bond J.P. Morgan EMBI Plus (Unhedged) Exchange Traded Fund,-15277714.220844423
20260915,2520,NEXT FUNDS Emerging Market Equity MSCI-EM (Unhedged) Exchange Traded Fund,-98704578859.32289
20260915,2524,NZAM ETF TOPIX,4148247020.0
20260915,2553,One ETF Southern China A-Share CSI 500,0.0
20260915,2554,NEXT FUNDS Bloomberg Barclays US Intermediate Corporate Index (JPY Hedged) Exchange Traded Fund,33564558.643362805
20260915,2556,One ETF Tokyo Stock Exchange REIT Index,71576344.5
20260915,2558,MAXIS S&P500 US Equity,-28938956.221900348
20260915,2559,MAXIS World Equity (MSCI ACWI),-623056214274.4152
20260915,2563,iShares S&P 500 JPY Hedged ETF,65220441935.03999
20260915,257A,SMT ETF Selected Japan Equity Active,-162236.40609680305
20260915,2620,iShares 1-3 Year US Treasury Bond ETF,677937676.0999995
20260915,2621,iShares 20+ Year US Treasury Bond JPY Hedged ETF,-2731697477611.6357
20260915,2630,MAXIS S&P500 US Equity (JPY Hedged),36107375734.62335
20260915,2631,MAXIS NASDAQ100,147873899.80128187
20260915,2632,MAXIS NASDAQ100 (JPY Hedged),18708636837.21999
20260915,2633,NEXT FUNDS S&P 500 (Unhedged) Exchange Traded Fund,-34016453004.040127
20260915,2634,NEXT FUNDS S&P 500 (Yen-Hedged) Exchange Traded Fund,2043692852011.4226
20260915,2643,NEXT FUNDS MSCI Japan Country Selection Index Exchange Traded Fund,-2092045260.0
20260915,2647,NEXT FUNDS Bloomberg US Treasury Bond (7-10 year) Index (Unhedged) Exchange Traded Fund,4490445.410604583
20260915,2648,NEXT FUNDS Bloomberg US Treasury Bond (7-10 year) Index (Yen-Hedged) Exchange Traded Fund,624494982.9185243
20260915,2649,iShares Ginnie Mae MBS JPY Hedged ETF,0.0
20260915,273A,SBI Saudi Arabia Equity Exchange Traded Fund,-33394.3336582356
20260915,2838,MAXIS 7-10 Year US Treasury Bond ETF (Unhedged),2894913.753050608
20260915,2839,MAXIS 7-10 Year US Treasury Bond ETF (Hedged),2611296.2468441366
20260915,2845,NEXT FUNDS NASDAQ-100(R) (Yen-Hedged) Exchange Traded Fund,2411862090796.092
20260915,2846,NEXT FUNDS DJIA (Yen-Hedged) Exchange Traded Fund,4476907809945.677
20260915,2853,iShares Climate Risk-Adjusted Global ex Japan Government Bond JPY Hedged ETF,11434368706093.86
20260915,2856,iShares 3-7 Year US Treasury Bond JPY Hedged ETF,-440441873128.11316
20260915,2857,iShares Germany Government Bond JPY Hedged ETF,-303895350327.01
20260915,2858,Global X Nikkei 225 Covered Call ETF (option premium reinvestment type),1249500.0
20260915,2859,NEXT FUNDS EURO STOXX 50 (Yen-Hedged) Exchange Traded Fund,192453005969.2719
20260915,2860,NEXT FUNDS German Equity DAX (Yen-Hedged) Exchange Traded Fund,706118541093.2546
20260915,295A,One ETF FTSE Saudi Arabia ETF,0.0
20260915,346A,NEXT FUNDS S&P 500 Semiconductors & Semiconductor Equipment (Industry Group) 35% Capped Index Exchange Traded Fund,-9042611253.860088
20260915,348A,MAXIS Yomiuri333 Japan Stock ETF,-80457.09909680461
20260915,349A,SMDAM Active ETF Japanese Gross Equities,-173980.0
20260915,364A,NEXT FUNDS S&P 500 Dividend Aristocrats Index Exchange Traded Fund,-426568655.9031416
20260915,376A,NEXT FUNDS Bloomberg US Treasury Bond (7-10 year) Index (75% Yen-Hedged) Exchange Traded Fund,-104746212.45598547
20260915,380A,Global X China Tech ETF,68819.71733406001
20260915,383A,MAXIS S&P500 Equal Weight ETF,910026.3029825739
20260915,404A,Global X China Tech Top 10 ETF,19603.29858501
20260915,408A,iShares A.I. Global Innovation Active ETF,182802.56999999998
20260915,412A,NEXT FUNDS TIP FactSet Taiwan Innovative Technology 50 Index Exchange Traded Fund,-1425354331.3917418
20260915,447A,State Street SPDR Gold ETF (JPY Unhedged),0.0
20260915,448A,State Street SPDR Gold ETF (JPY Hedged),639521088.621534
20260915,449A,State Street SPDR S&P 500 ETF (JPY Unhedged),-66404972.40607504
20260915,450A,State Street SPDR S&P 500 ETF (JPY Hedged),24068289115.193398
20260915,451A,State Street SPDR S&P 500 High Dividend ETF (JPY Unhedged),0.0
20260915,452A,iShares S&P 500 Premium Income ETF,825552.9600000001
20260915,461A,MAXIS Japan Equity High Dividend SMART 50 ETF,-50759.36637269484
20260915,486A,NEXT FUNDS EURO STOXX 50 (Unhedged) Exchange Traded Fund,-845962668.4163339
20260915,487A,NEXT FUNDS German Equity DAX (Unhedged) Exchange Traded Fund,-573972168.9033875
20260915,488A,iShares Yen Appreciation Focus ETF,-122763776008.257
20260915,491A,iShares S&P 500 Ex-Financials JPY Hedged ETF,22963685489.135002
20260915,531A,NZAM ETF Nikkei High Dividend 50,0.0
20260915,532A,NZAM ETF TOPIX High Dividend 40,0.0
20260915,552A,MAXIS US AI Infrastructure Equity ETF,541749.6554388992
20260915,563A,Global X Nasdaq 100 Daily Covered Call ETF,88369504721.72047
20260915,570A,iShares 0-1 Year Japan Government Bond ETF,2590757300.0
20260915,571A,iShares 1-3 Year Japan Government Bond ETF,2002064450.0
20260915,576A,Global X China Tech Covered Call ETF,1270.8799999999756
20260915,606A,Gold 2x Bull ETF,-88136.0
20260915,612A,One ETF JGB Futures Short Index,0.0
20260915,633A,Global X Korea Semiconductor Top 10 ETF,10757774749.506168
20260915,635A,SMBC Prime Japan Short Term Bond ETF (Monthly Pay-Out),284295450.0
20260915,636A,SMBC Prime Japan Short Term Bond ETF (Annual Pay-Out),284295450.0
20260916,1306,TOPIX ETF,-2338012310.0
20260916,1321,Nikkei 225 Exchange Traded Fund,-5681401830.0
20260916,1325,NEXT FUNDS Ibovespa Linked Exchange Traded Fund,-1205543197.7572694
20260916,1328,NEXT FUNDS Gold Price Exchange Traded Fund,-1518172446242.7332
20260916,1343,NEXT FUNDS REIT INDEX ETF,-1531534550.0
20260916,1346,MAXIS NIKKEI225 ETF,-3787601220.0
20260916,1356,TOPIX Bear -2x ETF,-12028.5
20260916,1357,NEXT FUNDS Nikkei 225 Double Inverse Index Exchange Traded Fund,-189960.0
20260916,1360,Nikkei225 Bear -2x ETF,-443240.0
20260916,1369,One ETF Nikkei225,1893800610.0
20260916,1398,SMAM REIT Index ETF,-2363817150.0
20260916,1458,Rakuten ETF-Nikkei 225 Leveraged Index,-823160.0
20260916,1469,JPX-Nikkei 400 Bear -2x Double Inverse ETF,-72140.0
20260916,1472,NEXT FUNDS JPX-Nikkei 400 Double Inverse Index Exchange Traded Fund,-36070.0
20260916,1474,One ETF JPX-Nikkei400,-36070.0
20260916,1475,iShares TOPIX ETF,6207290400.0
20260916,1478,iShares MSCI Japan High Dividend ETF,802894860.0
20260916,1482,iShares US Treasury Bond 7-10 Year JPY Hedged ETF,-951858351577.324
20260916,1489,NEXT FUNDS Nikkei 225 High Dividend Yield Stock 50 Index Exchange Traded Fund,176102440.0
20260916,1494,One ETF High Dividend Japan Equity,172321740.0
20260916,1545,NEXT FUNDS NASDAQ-100,-436306154433.0641
20260916,1546,NEXT FUNDS Dow Jones Industrial Average Exchange Traded Fund,-71892051372.46582
20260916,1550,MAXIS Global Equity (MSCI Kokusai),2887213956.619368
20260916,1559,NEXT FUNDS Thai Stock SET50 Exchange Traded Fund,-8487626321.579621
20260916,1560,NEXT FUNDS FTSE Bursa Malaysia KLCI Exchange Traded Fund,-1070356609.6865547
20260916,1568,TOPIX Bull 2x ETF,-32076.0
20260916,1570,NEXT FUNDS Nikkei 225 Leveraged Index Exchange Traded Fund,14626920.0
20260916,1571,NEXT FUNDS Nikkei 225 Inverse Index Exchange Traded Fund,-253280.0
20260916,1572,China Bull 2x HSCEI ETF,-24828.0
20260916,1573,China Bear -1x HSCEI ETF,-8276.0
20260916,1577,NEXT FUNDS Nomura Japan Equity High Dividend 70 Exchange Traded Fund,296871460.0
20260916,1579,Nikkei 225 Bull 2x ETF,2786080.0
20260916,1591,NEXT FUNDS JPX-Nikkei Index 400 Exchange Traded Fund,-3559289620.0
20260916,1593,MAXIS JPX-Nikkei Index 400 ETF,-36070.0
20260916,1595,NZAM ETF J-REIT Index,-525087200.0
20260916,1596,NZAM ETF TOPIX Ex-Financials,-727800.0
20260916,1597,MAXIS J-REIT ETF,-263755706.5
20260916,1615,TOPIX Banks,-634616630.0
20260916,1619,NEXT FUNDS TOPIX-17 CONSTRUCTION & MATERIALS ETF,-789642900.0
20260916,1620,NEXT FUNDS TOPIX-17 RAW MATERIALS & CHEMICALS ETF,783150.0
20260916,1622,NEXT FUNDS TOPIX-17 AUTOMOBILES & TRANSPORTATION EQUIPMENT ETF,2089660.0
20260916,1623,NEXT FUNDS TOPIX-17 STEEL & NONFERROUS ETF,181883800.0
20260916,1625,NEXT FUNDS TOPIX-17 ELECTRIC APPLIANCES & PRECISION INSTRUMENTS ETF,240860810.0
20260916,1629,NEXT FUNDS TOPIX-17 COMMERCIAL & WHOLESALE TRADE ETF,-966808200.0
20260916,1631,NEXT FUNDS TOPIX-17 BANKS ETF,-300897970.0
20260916,1655,iShares S&P 500 ETF,655923.84
20260916,1656,iShares Core 7-10 Year US Treasury Bond ETF,-1125454196.1000004
20260916,1660,MAXIS High Yield J-REIT ETF,1743.5
20260916,1678,NEXT FUNDS Nifty Linked Exchange Traded Fund,-2233627852932.6333
20260916,1699,NEXT FUNDS NOMURA Crude Oil Long Index Linked Exchange Traded Fund,21204126259.955135
20260916,170A,SMT ETF Japan Equity Income Strategy Active,-1028194.4369506041
20260916,179A,Global X 25+ Year T-Bond ETF (JPY Hedged),-130665063.16898938
20260916,180A,Global X 25+ Year T-Bond ETF,129776896.40401235
20260916,181A,MAXIS US Treasury Bond 1-3 Year ETF (Unhedged),281933.14288411074
20260916,182A,MAXIS US Treasury Bond 20+ Year ETF (Unhedged),35398.198356149805
20260916,183A,MAXIS US Treasury Bond 20+ Year ETF (JPY Hedged),585933.9543613694
20260916,200A,NEXT FUNDS Nikkei Semiconductor Stock Index Exchange Traded Fund,-1237559050.0
20260916,2012,iShares 0-3 Month US Treasury Bond ETF,1047407634.0
20260916,2080,PBR Improvement over 1x ETF,808065690.0
20260916,2094,TSE REIT Inverse ETF,-1743.5
20260916,221A,MAXIS Nikkei Semiconductor Stock (Japan) ETF,300796.37517415173
20260916,2241,MAXIS NY Dow Industrial Average ETF,1471147.059536222
20260916,2242,MAXIS NY Dow Industrial Average ETF (JPY Hedged),4661879.182165838
20260916,2245,NEXT FUNDS Bloomberg Germany Treasury Bond (7-10 year) Index (Yen-Hedged) Exchange Traded Fund,-358327657.1089727
20260916,2255,iShares 20+ Year US Treasury Bond ETF,1069102145.9999992
20260916,2259,iShares 7-10 Year France Government Bond JPY Hedged ETF,-23480129167.939995
20260916,237A,iShares 25+ Year US Treasury Bond Long Duration ETF,1543016069.8000002
20260916,238A,iShares 25+ Year US Treasury Bond Long Duration JPY Hedged ETF,-173124215182.96802
20260916,2510,NEXT FUNDS Japan Bond NOMURA-BPI Exchange Traded Fund,157739518976.13193
20260916,2511,NEXT FUNDS International Bond FTSE World Government Bond Index (ex Japan Unhedged) Exchange Traded Fund,-149907609036.63422
20260916,2512,NEXT FUNDS International Bond FTSE World Government Bond Index (ex Japan Yen-Hedged) Exchange Traded Fund,46343649305192.12
20260916,2513,NEXT FUNDS International Equity MSCI-KOKUSAI (Unhedged) Exchange Traded Fund,-525695865936.109
20260916,2514,NEXT FUNDS International Equity MSCI-KOKUSAI (Yen-Hedged) Exchange Traded Fund,2649644420589.0527
20260916,2515,NEXT FUNDS International REIT S&P Developed REIT Index (ex Japan Unhedged) Exchange Traded Fund,-9853590528.206507
20260916,2519,NEXT FUNDS Emerging Market Bond J.P. Morgan EMBI Plus (Unhedged) Exchange Traded Fund,-4079175.1589772403
20260916,2520,NEXT FUNDS Emerging Market Equity MSCI-EM (Unhedged) Exchange Traded Fund,-97686335592.65883
20260916,2524,NZAM ETF TOPIX,2023882420.0
20260916,2525,NZAM ETF Nikkei 225,-1893800610.0
20260916,2526,NZAM ETF JPX-Nikkei 400,-11159600.0
20260916,2553,One ETF Southern China A-Share CSI 500,2997766.43344
20260916,2554,NEXT FUNDS Bloomberg Barclays US Intermediate Corporate Index (JPY Hedged) Exchange Traded Fund,-685165.7308603004
20260916,2555,TSE REIT ETF,-268660000.0
20260916,2556,One ETF Tokyo Stock Exchange REIT Index,1072740937.0
20260916,2558,MAXIS S&P500 US Equity,-100784608.97498448
20260916,2559,MAXIS World Equity (MSCI ACWI),-623868956895.9584
20260916,2563,iShares S&P 500 JPY Hedged ETF,2.4557113647460938e-05
20260916,2567,NZAM ETF S&P JPX Carbon Efficient Index,-4852000.0
20260916,257A,SMT ETF Selected Japan Equity Active,-44938.407780799826
20260916,2620,iShares 1-3 Year US Treasury Bond ETF,2809276165.9999995
20260916,2621,iShares 20+ Year US Treasury Bond JPY Hedged ETF,-2814887494448.0645
20260916,2630,MAXIS S&P500 US Equity (JPY Hedged),-30501652.835069638
20260916,2631,MAXIS NASDAQ100,-102112776.96533988
20260916,2632,MAXIS NASDAQ100 (JPY Hedged),18709644009.058968
20260916,2633,NEXT FUNDS S&P 500 (Unhedged) Exchange Traded Fund,-45317068878.77577
20260916,2634,NEXT FUNDS S&P 500 (Yen-Hedged) Exchange Traded Fund,2041544043443.8923
20260916,2647,NEXT FUNDS Bloomberg US Treasury Bond (7-10 year) Index (Unhedged) Exchange Traded Fund,1506946.0094370076
20260916,2648,NEXT FUNDS Bloomberg US Treasury Bond (7-10 year) Index (Yen-Hedged) Exchange Traded Fund,88561457.25113904
20260916,2649,iShares Ginnie Mae MBS JPY Hedged ETF,0.0
20260916,273A,SBI Saudi Arabia Equity Exchange Traded Fund,156.4595078128073
20260916,2838,MAXIS 7-10 Year US Treasury Bond ETF (Unhedged),1286563.9353276717
20260916,2839,MAXIS 7-10 Year US Treasury Bond ETF (Hedged),1154286.739177216
20260916,2845,NEXT FUNDS NASDAQ-100(R) (Yen-Hedged) Exchange Traded Fund,1409256802134.5242
20260916,2846,NEXT FUNDS DJIA (Yen-Hedged) Exchange Traded Fund,4499088984612.662
20260916,2853,iShares Climate Risk-Adjusted Global ex Japan Government Bond JPY Hedged ETF,11456661367206.83
20260916,2856,iShares 3-7 Year US Treasury Bond JPY Hedged ETF,-442821708702.6558
20260916,2857,iShares Germany Government Bond JPY Hedged ETF,-284585093524.54395
20260916,2858,Global X Nikkei 225 Covered Call ETF (option premium reinvestment type),1250200.0
20260916,2859,NEXT FUNDS EURO STOXX 50 (Yen-Hedged) Exchange Traded Fund,191521770582.92368
20260916,2860,NEXT FUNDS German Equity DAX (Yen-Hedged) Exchange Traded Fund,707109591814.5454
20260916,295A,One ETF FTSE Saudi Arabia ETF,0.0
20260916,346A,NEXT FUNDS S&P 500 Semiconductors & Semiconductor Equipment (Industry Group) 35% Capped Index Exchange Traded Fund,-9136854058.21925
20260916,348A,MAXIS Yomiuri333 Japan Stock ETF,-392510.75475069287
20260916,349A,SMDAM Active ETF Japanese Gross Equities,229400.0
20260916,364A,NEXT FUNDS S&P 500 Dividend Aristocrats Index Exchange Traded Fund,-451563268.3348577
20260916,376A,NEXT FUNDS Bloomberg US Treasury Bond (7-10 year) Index (75% Yen-Hedged) Exchange Traded Fund,-107149132.79684788
20260916,380A,Global X China Tech ETF,68178.53150815
20260916,383A,MAXIS S&P500 Equal Weight ETF,2276687.478242963
20260916,392A,iShares Nasdaq Top 30 ETF,1383833.6
20260916,395A,Sector Restructuring Select ETF Regional Banks,132703500.0
20260916,404A,Global X China Tech Top 10 ETF,19394.87826128
20260916,408A,iShares A.I. Global Innovation Active ETF,-526845.96
20260916,412A,NEXT FUNDS TIP FactSet Taiwan Innovative Technology 50 Index Exchange Traded Fund,30538146.615460284
20260916,447A,State Street SPDR Gold ETF (JPY Unhedged),0.0
20260916,448A,State Street SPDR Gold ETF (JPY Hedged),639545972.0384281
20260916,449A,State Street SPDR S&P 500 ETF (JPY Unhedged),-66384441.23630297
20260916,450A,State Street SPDR S&P 500 ETF (JPY Hedged),24069485138.677258
20260916,451A,State Street SPDR S&P 500 High Dividend ETF (JPY Unhedged),0.0
20260916,461A,MAXIS Japan Equity High Dividend SMART 50 ETF,-4520.01041330857
20260916,486A,NEXT FUNDS EURO STOXX 50 (Unhedged) Exchange Traded Fund,-2053056401.3560336
20260916,487A,NEXT FUNDS German Equity DAX (Unhedged) Exchange Traded Fund,-579187004.649537
20260916,488A,iShares Yen Appreciation Focus ETF,-123295115146.01453
20260916,489A,TSE REIT Logistics Focus ETF,-2107300.0
20260916,491A,iShares S&P 500 Ex-Financials JPY Hedged ETF,15532400109.600004
20260916,531A,NZAM ETF Nikkei High Dividend 50,0.0
20260916,532A,NZAM ETF TOPIX High Dividend 40,0.0
20260916,552A,MAXIS US AI Infrastructure Equity ETF,-493394.80371116666
20260916,563A,Global X Nasdaq 100 Daily Covered Call ETF,-503981632.3679997
20260916,573A,iShares 20+  Year Japan Government Bond ETF,9631923713.25
20260916,606A,Gold 2x Bull ETF,-3069080.0
20260916,612A,One ETF JGB Futures Short Index,0.0
20260916,633A,Global X Korea Semiconductor Top 10 ETF,-9778930650.59319
20260917,1306,TOPIX ETF,29632273090.0
20260917,1321,Nikkei 225 Exchange Traded Fund,1906866170.0
20260917,1325,NEXT FUNDS Ibovespa Linked Exchange Traded Fund,-1194008246.800719
20260917,1328,NEXT FUNDS Gold Price Exchange Traded Fund,-1490202034167.8352
20260917,1343,NEXT FUNDS REIT INDEX ETF,1090050700.0
20260917,1348,MAXIS TOPIX ETF,-4041.5
20260917,1356,TOPIX Bear -2x ETF,12124.5
20260917,1357,NEXT FUNDS Nikkei 225 Double Inverse Index Exchange Traded Fund,3383520.0
20260917,1360,Nikkei225 Bear -2x ETF,3000480.0
20260917,1364,iShares JPX-Nikkei 400 ETF,1862318780.0
20260917,1397,SMAM NIKKEI225 ETF,-1895033690.0
20260917,1458,Rakuten ETF-Nikkei 225 Leveraged Index,638400.0
20260917,1459,Rakuten ETF-Nikkei 225 Double Inverse Index,510720.0
20260917,1469,JPX-Nikkei 400 Bear -2x Double Inverse ETF,72600.0
20260917,1472,NEXT FUNDS JPX-Nikkei 400 Double Inverse Index Exchange Traded Fund,36300.0
20260917,1473,One ETF TOPIX,1232117930.0
20260917,1474,One ETF JPX-Nikkei400,-36300.0
20260917,1475,iShares TOPIX ETF,8326582126.0
20260917,1482,iShares US Treasury Bond 7-10 Year JPY Hedged ETF,-955759017082.664
20260917,1545,NEXT FUNDS NASDAQ-100,-432855509140.51196
20260917,1546,NEXT FUNDS Dow Jones Industrial Average Exchange Traded Fund,-69507689864.16667
20260917,1550,MAXIS Global Equity (MSCI Kokusai),2682203208.070513
20260917,1559,NEXT FUNDS Thai Stock SET50 Exchange Traded Fund,-8453934780.214881
20260917,1560,NEXT FUNDS FTSE Bursa Malaysia KLCI Exchange Traded Fund,-1125524178.254542
20260917,1568,TOPIX Bull 2x ETF,36373.5
20260917,1569,TOPIX Bear -1x ETF,4041.5
20260917,1570,NEXT FUNDS Nikkei 225 Leveraged Index Exchange Traded Fund,14300160.0
20260917,1571,NEXT FUNDS Nikkei 225 Inverse Index Exchange Traded Fund,191520.0
20260917,1572,China Bull 2x HSCEI ETF,-8212.0
20260917,1573,China Bear -1x HSCEI ETF,-8212.0
20260917,1579,Nikkei 225 Bull 2x ETF,1085280.0
20260917,1580,Nikkei 225 Bear -1x ETF,63840.0
20260917,1593,MAXIS JPX-Nikkei Index 400 ETF,-36300.0
20260917,1615,TOPIX Banks,266292600.0
20260917,1630,NEXT FUNDS TOPIX-17 RETAIL TRADE ETF,-323033350.0
20260917,1631,NEXT FUNDS TOPIX-17 BANKS ETF,124171560.0
20260917,1655,iShares S&P 500 ETF,1363486.08
20260917,1656,iShares Core 7-10 Year US Treasury Bond ETF,5723759221.699999
20260917,1657,iShares Core MSCI Kokusai ETF,114840.0
20260917,1659,iShares US REIT ETF,-564794.16
20260917,1678,NEXT FUNDS Nifty Linked Exchange Traded Fund,-2914611354180.3716
20260917,1699,NEXT FUNDS NOMURA Crude Oil Long Index Linked Exchange Traded Fund,24553349468.262745
20260917,170A,SMT ETF Japan Equity Income Strategy Active,-1116680.2239197055
20260917,179A,Global X 25+ Year T-Bond ETF (JPY Hedged),0.0
20260917,180A,Global X 25+ Year T-Bond ETF,0.0
20260917,181A,MAXIS US Treasury Bond 1-3 Year ETF (Unhedged),-22359824.71813302
20260917,182A,MAXIS US Treasury Bond 20+ Year ETF (Unhedged),-4074574.5582991084
20260917,183A,MAXIS US Treasury Bond 20+ Year ETF (JPY Hedged),4658174441.931578
20260917,200A,NEXT FUNDS Nikkei Semiconductor Stock Index Exchange Traded Fund,-409210250.0
20260917,2011,SMDAM Active ETF Japan High Dividend Equity,8792000.0
20260917,2012,iShares 0-3 Month US Treasury Bond ETF,601085913.0
20260917,2014,iShares US Dividend Growth ETF,61248.0
20260917,2080,PBR Improvement over 1x ETF,82932590.0
20260917,2083,NEXT FUNDS Japan Growth Equity Active Exchange Traded Fund,119773700.0
20260917,2094,TSE REIT Inverse ETF,-1744.0
20260917,221A,MAXIS Nikkei Semiconductor Stock (Japan) ETF,9283622.744426344
20260917,2241,MAXIS NY Dow Industrial Average ETF,175137.6866423601
20260917,2242,MAXIS NY Dow Industrial Average ETF (JPY Hedged),9187176799.745993
20260917,2245,NEXT FUNDS Bloomberg Germany Treasury Bond (7-10 year) Index (Yen-Hedged) Exchange Traded Fund,-1145726714.4361672
20260917,2255,iShares 20+ Year US Treasury Bond ETF,1059540535.9999995
20260917,2259,iShares 7-10 Year France Government Bond JPY Hedged ETF,-23482414671.371994
20260917,237A,iShares 25+ Year US Treasury Bond Long Duration ETF,216819020.8000001
20260917,238A,iShares 25+ Year US Treasury Bond Long Duration JPY Hedged ETF,-178151443313.168
20260917,2510,NEXT FUNDS Japan Bond NOMURA-BPI Exchange Traded Fund,1037229224117.0905
20260917,2511,NEXT FUNDS International Bond FTSE World Government Bond Index (ex Japan Unhedged) Exchange Traded Fund,-123476701884.37395
20260917,2512,NEXT FUNDS International Bond FTSE World Government Bond Index (ex Japan Yen-Hedged) Exchange Traded Fund,45220369064317.49
20260917,2513,NEXT FUNDS International Equity MSCI-KOKUSAI (Unhedged) Exchange Traded Fund,-523233845664.5552
20260917,2514,NEXT FUNDS International Equity MSCI-KOKUSAI (Yen-Hedged) Exchange Traded Fund,2635280130361.3213
20260917,2515,NEXT FUNDS International REIT S&P Developed REIT Index (ex Japan Unhedged) Exchange Traded Fund,-6806620390.562817
20260917,2519,NEXT FUNDS Emerging Market Bond J.P. Morgan EMBI Plus (Unhedged) Exchange Traded Fund,-8194738.399112152
20260917,2520,NEXT FUNDS Emerging Market Equity MSCI-EM (Unhedged) Exchange Traded Fund,-96843109099.52669
20260917,2553,One ETF Southern China A-Share CSI 500,2644029.004296
20260917,2554,NEXT FUNDS Bloomberg Barclays US Intermediate Corporate Index (JPY Hedged) Exchange Traded Fund,18862398.405615035
20260917,2557,SMDAM TOPIX ETF,-3992124620.0
20260917,2558,MAXIS S&P500 US Equity,-153981126.94493377
20260917,2559,MAXIS World Equity (MSCI ACWI),-629849580579.8683
20260917,2561,iShares Core Japan Government Bond ETF,11735916550.0
20260917,2563,iShares S&P 500 JPY Hedged ETF,3477987974542.56
20260917,257A,SMT ETF Selected Japan Equity Active,-89700.23050830672
20260917,2620,iShares 1-3 Year US Treasury Bond ETF,2801960658.1999984
20260917,2621,iShares 20+ Year US Treasury Bond JPY Hedged ETF,-2869782336537.038
20260917,2630,MAXIS S&P500 US Equity (JPY Hedged),35638754976.3058
20260917,2631,MAXIS NASDAQ100,-85212449.43434687
20260917,2632,MAXIS NASDAQ100 (JPY Hedged),-27463145.77634407
20260917,2633,NEXT FUNDS S&P 500 (Unhedged) Exchange Traded Fund,-40107414064.788605
20260917,2634,NEXT FUNDS S&P 500 (Yen-Hedged) Exchange Traded Fund,1911423631930.9421
20260917,2647,NEXT FUNDS Bloomberg US Treasury Bond (7-10 year) Index (Unhedged) Exchange Traded Fund,1513962.355808424
20260917,2648,NEXT FUNDS Bloomberg US Treasury Bond (7-10 year) Index (Yen-Hedged) Exchange Traded Fund,68272013.41545686
20260917,2649,iShares Ginnie Mae MBS JPY Hedged ETF,0.0
20260917,273A,SBI Saudi Arabia Equity Exchange Traded Fund,-11624.345866582418
20260917,2838,MAXIS 7-10 Year US Treasury Bond ETF (Unhedged),845625.6318946212
20260917,2839,MAXIS 7-10 Year US Treasury Bond ETF (Hedged),765493.1604195068
20260917,2845,NEXT FUNDS NASDAQ-100(R) (Yen-Hedged) Exchange Traded Fund,1401776676239.039
20260917,2846,NEXT FUNDS DJIA (Yen-Hedged) Exchange Traded Fund,4469747567420.6045
20260917,2853,iShares Climate Risk-Adjusted Global ex Japan Government Bond JPY Hedged ETF,11405623121173.865
20260917,2856,iShares 3-7 Year US Treasury Bond JPY Hedged ETF,-438402605453.12396
20260917,2857,iShares Germany Government Bond JPY Hedged ETF,-295880629165.4589
20260917,2858,Global X Nikkei 225 Covered Call ETF (option premium reinvestment type),1258900.0
20260917,2859,NEXT FUNDS EURO STOXX 50 (Yen-Hedged) Exchange Traded Fund,192598966713.92648
20260917,2860,NEXT FUNDS German Equity DAX (Yen-Hedged) Exchange Traded Fund,707198953020.3629
20260917,295A,One ETF FTSE Saudi Arabia ETF,0.0
20260917,314A,iShares Gold ETF,1012958.5249999999
20260917,346A,NEXT FUNDS S&P 500 Semiconductors & Semiconductor Equipment (Industry Group) 35% Capped Index Exchange Traded Fund,-9006879993.481264
20260917,348A,MAXIS Yomiuri333 Japan Stock ETF,214154617.4783972
20260917,364A,NEXT FUNDS S&P 500 Dividend Aristocrats Index Exchange Traded Fund,-456907091.8014605
20260917,376A,NEXT FUNDS Bloomberg US Treasury Bond (7-10 year) Index (75% Yen-Hedged) Exchange Traded Fund,-109499322.81287752
20260917,380A,Global X China Tech ETF,138039.75068415
20260917,383A,MAXIS S&P500 Equal Weight ETF,173663.05264266153
20260917,395A,Sector Restructuring Select ETF Regional Banks,528147700.0
20260917,404A,Global X China Tech Top 10 ETF,22404.238953989996
20260917,412A,NEXT FUNDS TIP FactSet Taiwan Innovative Technology 50 Index Exchange Traded Fund,-1318802387.1320417
20260917,447A,State Street SPDR Gold ETF (JPY Unhedged),0.0
20260917,448A,State Street SPDR Gold ETF (JPY Hedged),639565927.1730579
20260917,449A,State Street SPDR S&P 500 ETF (JPY Unhedged),-66395126.4801746
20260917,450A,State Street SPDR S&P 500 ETF (JPY Hedged),24070202793.97963
20260917,451A,State Street SPDR S&P 500 High Dividend ETF (JPY Unhedged),74077.44
20260917,461A,MAXIS Japan Equity High Dividend SMART 50 ETF,11170.685316201936
20260917,486A,NEXT FUNDS EURO STOXX 50 (Unhedged) Exchange Traded Fund,-3155496188.7651277
20260917,487A,NEXT FUNDS German Equity DAX (Unhedged) Exchange Traded Fund,-575293098.7204028
20260917,488A,iShares Yen Appreciation Focus ETF,-123833540239.3236
20260917,491A,iShares S&P 500 Ex-Financials JPY Hedged ETF,7809333144.159998
20260917,531A,NZAM ETF Nikkei High Dividend 50,0.0
20260917,532A,NZAM ETF TOPIX High Dividend 40,0.0
20260917,552A,MAXIS US AI Infrastructure Equity ETF,57107.90195827436
20260917,563A,Global X Nasdaq 100 Daily Covered Call ETF,80781777631.10205
20260917,573A,iShares 20+  Year Japan Government Bond ETF,19223114919.0
20260917,576A,Global X China Tech Covered Call ETF,2579906.33792
20260917,605A,NEXT FUNDS Japan Equity Policy Focus Exchange Traded Fund,100334340.0
20260917,606A,Gold 2x Bull ETF,0.0
20260917,612A,One ETF JGB Futures Short Index,0.0
20260917,633A,Global X Korea Semiconductor Top 10 ETF,23516641178.223293
20260918,1306,TOPIX ETF,38404612710.0
20260918,1325,NEXT FUNDS Ibovespa Linked Exchange Traded Fund,-1199193401.709237
20260918,1328,NEXT FUNDS Gold Price Exchange Traded Fund,-1499494577567.651
20260918,1329,iShares Nikkei 225 ETF,-1913255140.0
20260918,1343,NEXT FUNDS REIT INDEX ETF,995042000.0
20260918,1346,MAXIS NIKKEI225 ETF,-64200.0
20260918,1356,TOPIX Bear -2x ETF,16350.0
20260918,1357,NEXT FUNDS Nikkei 225 Double Inverse Index Exchange Traded Fund,2311200.0
20260918,1360,Nikkei225 Bear -2x ETF,2118600.0
20260918,1369,One ETF Nikkei225,1912227940.0
20260918,1397,SMAM NIKKEI225 ETF,-11778170.0
20260918,1458,Rakuten ETF-Nikkei 225 Leveraged Index,128400.0
20260918,1459,Rakuten ETF-Nikkei 225 Double Inverse Index,192600.0
20260918,1469,JPX-Nikkei 400 Bear -2x Double Inverse ETF,110250.0
20260918,1472,NEXT FUNDS JPX-Nikkei 400 Double Inverse Index Exchange Traded Fund,110250.0
20260918,1473,One ETF TOPIX,4087.5
20260918,1474,One ETF JPX-Nikkei400,183750.0
20260918,1475,iShares TOPIX ETF,4197763440.0
20260918,1482,iShares US Treasury Bond 7-10 Year JPY Hedged ETF,-1012502846599.8119
20260918,1494,One ETF High Dividend Japan Equity,-5446720.0
20260918,1545,NEXT FUNDS NASDAQ-100,-431194170309.6693
20260918,1546,NEXT FUNDS Dow Jones Industrial Average Exchange Traded Fund,-69408543785.71754
20260918,1550,MAXIS Global Equity (MSCI Kokusai),-60359131.398896575
20260918,1559,NEXT FUNDS Thai Stock SET50 Exchange Traded Fund,-8374890465.738496
20260918,1560,NEXT FUNDS FTSE Bursa Malaysia KLCI Exchange Traded Fund,-1235012470.8086834
20260918,1568,TOPIX Bull 2x ETF,53137.5
20260918,1569,TOPIX Bear -1x ETF,20437.5
20260918,1570,NEXT FUNDS Nikkei 225 Leveraged Index Exchange Traded Fund,5649600.0
20260918,1571,NEXT FUNDS Nikkei 225 Inverse Index Exchange Traded Fund,64200.0
20260918,1572,China Bull 2x HSCEI ETF,-16402.0
20260918,1573,China Bear -1x HSCEI ETF,-8201.0
20260918,1579,Nikkei 225 Bull 2x ETF,64200.0
20260918,1580,Nikkei 225 Bear -1x ETF,128400.0
20260918,1593,MAXIS JPX-Nikkei Index 400 ETF,-36750.0
20260918,1615,TOPIX Banks,-364894160.0
20260918,1617,NEXT FUNDS TOPIX-17 FOODS ETF,-429794050.0
20260918,1622,NEXT FUNDS TOPIX-17 AUTOMOBILES & TRANSPORTATION EQUIPMENT ETF,-311166200.0
20260918,1626,NEXT FUNDS TOPIX-17 IT & SERVICES OTHERS ETF,-297227870.0
20260918,1627,NEXT FUNDS TOPIX-17 ELECTRIC POWER & GAS ETF,-1242440.0
20260918,1628,NEXT FUNDS TOPIX-17 TRANSPORTATION & LOGISTICS ETF,-451107320.0
20260918,1629,NEXT FUNDS TOPIX-17 COMMERCIAL & WHOLESALE TRADE ETF,-424038900.0
20260918,1655,iShares S&P 500 ETF,756385.63
20260918,1656,iShares Core 7-10 Year US Treasury Bond ETF,-1211850746.5
20260918,1658,iShares Core MSCI Emerging Markets IMI ETF,1616219.25
20260918,1678,NEXT FUNDS Nifty Linked Exchange Traded Fund,-2140425403679.7356
20260918,1699,NEXT FUNDS NOMURA Crude Oil Long Index Linked Exchange Traded Fund,18694118451.13967
20260918,170A,SMT ETF Japan Equity Income Strategy Active,-1017012.7598543933
20260918,179A,Global X 25+ Year T-Bond ETF (JPY Hedged),26068.0
20260918,180A,Global X 25+ Year T-Bond ETF,0.0
20260918,181A,MAXIS US Treasury Bond 1-3 Year ETF (Unhedged),445190.53604906745
20260918,182A,MAXIS US Treasury Bond 20+ Year ETF (Unhedged),-3467761.627573352
20260918,183A,MAXIS US Treasury Bond 20+ Year ETF (JPY Hedged),656190401.2632054
20260918,200A,NEXT FUNDS Nikkei Semiconductor Stock Index Exchange Traded Fund,596753050.0
20260918,2012,iShares 0-3 Month US Treasury Bond ETF,703763554.9999995
20260918,2013,iShares US High Dividend ETF,15246.0
20260918,2014,iShares US Dividend Growth ETF,391781.99999999994
20260918,2083,NEXT FUNDS Japan Growth Equity Active Exchange Traded Fund,-53013900.0
20260918,2094,TSE REIT Inverse ETF,1743.5
20260918,221A,MAXIS Nikkei Semiconductor Stock (Japan) ETF,-5870263.574569295
20260918,2241,MAXIS NY Dow Industrial Average ETF,-1142686.522160934
20260918,2242,MAXIS NY Dow Industrial Average ETF (JPY Hedged),9198742176.684156
20260918,2245,NEXT FUNDS Bloomberg Germany Treasury Bond (7-10 year) Index (Yen-Hedged) Exchange Traded Fund,-319212306.86259013
20260918,2255,iShares 20+ Year US Treasury Bond ETF,1066233490.0000005
20260918,2259,iShares 7-10 Year France Government Bond JPY Hedged ETF,-23406909363.079994
20260918,236A,iShares 7-10 Year Japan Government Bond ETF,17267500975.0
20260918,237A,iShares 25+ Year US Treasury Bond Long Duration ETF,219244057.0
20260918,238A,iShares 25+ Year US Treasury Bond Long Duration JPY Hedged ETF,-178956311921.68158
20260918,2510,NEXT FUNDS Japan Bond NOMURA-BPI Exchange Traded Fund,102644565361.06949
20260918,2511,NEXT FUNDS International Bond FTSE World Government Bond Index (ex Japan Unhedged) Exchange Traded Fund,-43369281549.91477
20260918,2512,NEXT FUNDS International Bond FTSE World Government Bond Index (ex Japan Yen-Hedged) Exchange Traded Fund,44691410530700.195
20260918,2513,NEXT FUNDS International Equity MSCI-KOKUSAI (Unhedged) Exchange Traded Fund,-568293028574.513
20260918,2514,NEXT FUNDS International Equity MSCI-KOKUSAI (Yen-Hedged) Exchange Traded Fund,2642255298893.825
20260918,2515,NEXT FUNDS International REIT S&P Developed REIT Index (ex Japan Unhedged) Exchange Traded Fund,-9986987015.47718
20260918,2517,MAXIS J-REIT Core ETF,-1743.5
20260918,2519,NEXT FUNDS Emerging Market Bond J.P. Morgan EMBI Plus (Unhedged) Exchange Traded Fund,-10894939.787198838
20260918,2520,NEXT FUNDS Emerging Market Equity MSCI-EM (Unhedged) Exchange Traded Fund,-98818321783.98749
20260918,2523,MAXIS TOPIX Ex-Financials ETF,-1508096700.0
20260918,2527,NZAM ETF J-REIT Core Index,-104149000.0
20260918,2553,One ETF Southern China A-Share CSI 500,1284880.7360280002
20260918,2554,NEXT FUNDS Bloomberg Barclays US Intermediate Corporate Index (JPY Hedged) Exchange Traded Fund,59081760.92010327
20260918,2558,MAXIS S&P500 US Equity,144952260.3448486
20260918,2559,MAXIS World Equity (MSCI ACWI),-6680917014.625285
20260918,2563,iShares S&P 500 JPY Hedged ETF,3385992148678.6396
20260918,257A,SMT ETF Selected Japan Equity Active,-86256.73836129297
20260918,2620,iShares 1-3 Year US Treasury Bond ETF,2790938587.0
20260918,2621,iShares 20+ Year US Treasury Bond JPY Hedged ETF,-2889288452436.1816
20260918,2630,MAXIS S&P500 US Equity (JPY Hedged),36434083059.49976
20260918,2631,MAXIS NASDAQ100,-130510214.27495652
20260918,2632,MAXIS NASDAQ100 (JPY Hedged),848885705.9602467
20260918,2633,NEXT FUNDS S&P 500 (Unhedged) Exchange Traded Fund,-34371774803.97323
20260918,2634,NEXT FUNDS S&P 500 (Yen-Hedged) Exchange Traded Fund,1902727174866.1316
20260918,2647,NEXT FUNDS Bloomberg US Treasury Bond (7-10 year) Index (Unhedged) Exchange Traded Fund,1522242.837912621
20260918,2648,NEXT FUNDS Bloomberg US Treasury Bond (7-10 year) Index (Yen-Hedged) Exchange Traded Fund,67593259.65612216
20260918,2649,iShares Ginnie Mae MBS JPY Hedged ETF,0.0
20260918,273A,SBI Saudi Arabia Equity Exchange Traded Fund,20590.499418689804
20260918,2838,MAXIS 7-10 Year US Treasury Bond ETF (Unhedged),1310548.7348616037
20260918,2839,MAXIS 7-10 Year US Treasury Bond ETF (Hedged),1183950.6855893093
20260918,2845,NEXT FUNDS NASDAQ-100(R) (Yen-Hedged) Exchange Traded Fund,1339602098954.9731
20260918,2846,NEXT FUNDS DJIA (Yen-Hedged) Exchange Traded Fund,4417748950028.561
20260918,2853,iShares Climate Risk-Adjusted Global ex Japan Government Bond JPY Hedged ETF,11472370063581.19
20260918,2856,iShares 3-7 Year US Treasury Bond JPY Hedged ETF,-450249782591.5426
20260918,2857,iShares Germany Government Bond JPY Hedged ETF,-295208702083.548
20260918,2858,Global X Nikkei 225 Covered Call ETF (option premium reinvestment type),1265200.0
20260918,2859,NEXT FUNDS EURO STOXX 50 (Yen-Hedged) Exchange Traded Fund,193629811181.24188
20260918,2860,NEXT FUNDS German Equity DAX (Yen-Hedged) Exchange Traded Fund,717254102682.2495
20260918,295A,One ETF FTSE Saudi Arabia ETF,-512.48
20260918,314A,iShares Gold ETF,2056209.2000000002
20260918,346A,NEXT FUNDS S&P 500 Semiconductors & Semiconductor Equipment (Industry Group) 35% Capped Index Exchange Traded Fund,-8949880391.707325
20260918,348A,MAXIS Yomiuri333 Japan Stock ETF,-48871.58246238443
20260918,349A,SMDAM Active ETF Japanese Gross Equities,-666600.0
20260918,364A,NEXT FUNDS S&P 500 Dividend Aristocrats Index Exchange Traded Fund,-467960121.14542586
20260918,376A,NEXT FUNDS Bloomberg US Treasury Bond (7-10 year) Index (75% Yen-Hedged) Exchange Traded Fund,-111682196.99175927
20260918,380A,Global X China Tech ETF,380546.2511735499
20260918,383A,MAXIS S&P500 Equal Weight ETF,-473156.3922552876
20260918,395A,Sector Restructuring Select ETF Regional Banks,-175708250.0
20260918,404A,Global X China Tech Top 10 ETF,2641149.21262644
20260918,412A,NEXT FUNDS TIP FactSet Taiwan Innovative Technology 50 Index Exchange Traded Fund,-981121793.4636849
20260918,447A,State Street SPDR Gold ETF (JPY Unhedged),0.0
20260918,448A,State Street SPDR Gold ETF (JPY Hedged),639588457.1637691
20260918,449A,State Street SPDR S&P 500 ETF (JPY Unhedged),17421826.69588535
20260918,450A,State Street SPDR S&P 500 ETF (JPY Hedged),24541244757.07806
20260918,451A,State Street SPDR S&P 500 High Dividend ETF (JPY Unhedged),0.0
20260918,461A,MAXIS Japan Equity High Dividend SMART 50 ETF,-108512361.5745364
20260918,486A,NEXT FUNDS EURO STOXX 50 (Unhedged) Exchange Traded Fund,-3058439975.8344183
20260918,487A,NEXT FUNDS German Equity DAX (Unhedged) Exchange Traded Fund,-554332876.8242149
20260918,488A,iShares Yen Appreciation Focus ETF,-125456112597.37239
20260918,491A,iShares S&P 500 Ex-Financials JPY Hedged ETF,0.0
20260918,526A,JPX Startup100 ETF,-2182200.0
20260918,531A,NZAM ETF Nikkei High Dividend 50,0.0
20260918,532A,NZAM ETF TOPIX High Dividend 40,0.0
20260918,552A,MAXIS US AI Infrastructure Equity ETF,221422.4087774733
20260918,563A,Global X Nasdaq 100 Daily Covered Call ETF,284593714908.92615
20260918,576A,Global X China Tech Covered Call ETF,2538081.52989804
20260918,586A,NEXT FUNDS Nikkei Japan Entertainment Content Stock Index Exchange Traded Fund,-126135750.0
20260918,606A,Gold 2x Bull ETF,0.0
20260918,612A,One ETF JGB Futures Short Index,0.0
20260918,633A,Global X Korea Semiconductor Top 10 ETF,17269986097.263332
20261001,1306,TOPIX ETF,2111328478710.0
20261001,1311,TOPIX Core 30 Exchange Traded,1400188420.0
20261001,1319,Nikkei 300,69232470.0
20261001,1321,Nikkei 225 Exchange Traded Fund,1781724003780.0
20261001,1325,NEXT FUNDS Ibovespa Linked Exchange Traded Fund,-1160319401.3581884
20261001,1328,NEXT FUNDS Gold Price Exchange Traded Fund,-1457728973245.1821
20261001,1329,iShares Nikkei 225 ETF,226911167050.0
20261001,1343,NEXT FUNDS REIT INDEX ETF,3323682400.0
20261001,1346,MAXIS NIKKEI225 ETF,410542951780.0
20261001,1348,MAXIS TOPIX ETF,315921408560.0
20261001,1356,TOPIX Bear -2x ETF,98880.0
20261001,1357,NEXT FUNDS Nikkei 225 Double Inverse Index Exchange Traded Fund,8769140.0
20261001,1360,Nikkei225 Bear -2x ETF,4217220.0
20261001,1364,iShares JPX-Nikkei 400 ETF,30970660870.0
20261001,1369,One ETF Nikkei225,58479758440.0
20261001,1397,SMAM NIKKEI225 ETF,24522148050.0
20261001,1398,SMAM REIT Index ETF,643691200.0
20261001,1458,Rakuten ETF-Nikkei 225 Leveraged Index,-7564220.0
20261001,1459,Rakuten ETF-Nikkei 225 Double Inverse Index,2008200.0
20261001,1469,JPX-Nikkei 400 Bear -2x Double Inverse ETF,36875.0
20261001,1473,One ETF TOPIX,46301172730.0
20261001,1474,One ETF JPX-Nikkei400,15912555725.0
20261001,1475,iShares TOPIX ETF,187479905960.0
20261001,1476,iShares Japan REIT ETF,-1178114500.0
20261001,1477,iShares MSCI Japan Minimum Volatility (ex-REITs) ETF,633925580.0
20261001,1478,iShares MSCI Japan High Dividend ETF,8902256900.0
20261001,1480,NEXT FUNDS Nomura Enterprise Value Allocation Index Exchange Traded Fund,1372535220.0
20261001,1482,iShares US Treasury Bond 7-10 Year JPY Hedged ETF,-996943487903.2101
20261001,1483,iShares JPX/S&P CAPEX & Human Capital ETF,-24207135.0
20261001,1484,One ETF JPX/S&P CAPEX & Human Capital Index,-161427630.0
20261001,1485,MAXIS JAPAN Proactive Investment in Physical and Human Capital 200 Index ETF,299614140.0
20261001,1489,NEXT FUNDS Nikkei 225 High Dividend Yield Stock 50 Index Exchange Traded Fund,19624601380.0
20261001,1493,One ETF JPX-Nikkei Mid Small,4756300.0
20261001,1494,One ETF High Dividend Japan Equity,1604771110.0
20261001,1498,One ETF ESG,512624530.0
20261001,1499,MAXIS Japan Equity High Dividend 70 Market Neutral ETF,670881050.0
20261001,1545,NEXT FUNDS NASDAQ-100,-454056966929.60657
20261001,1546,NEXT FUNDS Dow Jones Industrial Average Exchange Traded Fund,-68328606695.53779
20261001,1550,MAXIS Global Equity (MSCI Kokusai),3809675671.429428
20261001,1551,TSE STANDARD TOP 20 ETF,22786700.0
20261001,1559,NEXT FUNDS Thai Stock SET50 Exchange Traded Fund,-8360927738.127352
20261001,1560,NEXT FUNDS FTSE Bursa Malaysia KLCI Exchange Traded Fund,-1213810815.102556
20261001,1563,TSE Growth Core ETF,185429700.0
20261001,1568,TOPIX Bull 2x ETF,37080.0
20261001,1569,TOPIX Bear -1x ETF,20600.0
20261001,1570,NEXT FUNDS Nikkei 225 Leveraged Index Exchange Traded Fund,-49067020.0
20261001,1571,NEXT FUNDS Nikkei 225 Inverse Index Exchange Traded Fund,267760.0
20261001,1572,China Bull 2x HSCEI ETF,-32560.0
20261001,1573,China Bear -1x HSCEI ETF,16280.0
20261001,1577,NEXT FUNDS Nomura Japan Equity High Dividend 70 Exchange Traded Fund,10356863530.0
20261001,1579,Nikkei 225 Bull 2x ETF,-9974060.0
20261001,1580,Nikkei 225 Bear -1x ETF,468580.0
20261001,1591,NEXT FUNDS JPX-Nikkei Index 400 Exchange Traded Fund,97964462450.0
20261001,1593,MAXIS JPX-Nikkei Index 400 ETF,49620298460.0
20261001,1595,NZAM ETF J-REIT Index,8232980300.0
20261001,1596,NZAM ETF TOPIX Ex-Financials,334153170.0
20261001,1597,MAXIS J-REIT ETF,572257400.0
20261001,159A,NEXT FUNDS JPX Prime 150 Index Exchange Traded Fund,197421258.0
20261001,1615,TOPIX Banks,218992353720.0
20261001,1617,NEXT FUNDS TOPIX-17 FOODS ETF,29124200.0
20261001,1618,NEXT FUNDS TOPIX-17 ENERGY RESOURCES ETF,88133650.0
20261001,1619,NEXT FUNDS TOPIX-17 CONSTRUCTION & MATERIALS ETF,663766850.0
20261001,1620,NEXT FUNDS TOPIX-17 RAW MATERIALS & CHEMICALS ETF,11344350.0
20261001,1622,NEXT FUNDS TOPIX-17 AUTOMOBILES & TRANSPORTATION EQUIPMENT ETF,24921870.0
20261001,1623,NEXT FUNDS TOPIX-17 STEEL & NONFERROUS ETF,716990200.0
20261001,1624,NEXT FUNDS TOPIX-17 MACHINERY ETF,23589780.0
20261001,1625,NEXT FUNDS TOPIX-17 ELECTRIC APPLIANCES & PRECISION INSTRUMENTS ETF,1593885200.0
20261001,1626,NEXT FUNDS TOPIX-17 IT & SERVICES OTHERS ETF,31151420.0
20261001,1627,NEXT FUNDS TOPIX-17 ELECTRIC POWER & GAS ETF,48443160.0
20261001,1628,NEXT FUNDS TOPIX-17 TRANSPORTATION & LOGISTICS ETF,21760700.0
20261001,1629,NEXT FUNDS TOPIX-17 COMMERCIAL & WHOLESALE TRADE ETF,825501600.0
20261001,1630,NEXT FUNDS TOPIX-17 RETAIL TRADE ETF,46156700.0
20261001,1631,NEXT FUNDS TOPIX-17 BANKS ETF,2298931140.0
20261001,1632,NEXT FUNDS TOPIX-17 FINANCIALS (EX BANKS) ETF,3851125220.0
20261001,1633,NEXT FUNDS TOPIX-17 REAL ESTATE ETF,20880.0
20261001,1655,iShares S&P 500 ETF,-768287.52
20261001,1656,iShares Core 7-10 Year US Treasury Bond ETF,-20372588385.4
20261001,1657,iShares Core MSCI Kokusai ETF,5108605.515
20261001,1658,iShares Core MSCI Emerging Markets IMI ETF,2753551.25
20261001,1659,iShares US REIT ETF,463999.58999999997
20261001,1660,MAXIS High Yield J-REIT ETF,1174312400.0
20261001,1678,NEXT FUNDS Nifty Linked Exchange Traded Fund,-2110631387612.3984
20261001,1699,NEXT FUNDS NOMURA Crude Oil Long Index Linked Exchange Traded Fund,3376656065.293545
20261001,170A,SMT ETF Japan Equity Income Strategy Active,48041411.386879906
20261001,179A,Global X 25+ Year T-Bond ETF (JPY Hedged),-207374255.2392073
20261001,180A,Global X 25+ Year T-Bond ETF,38839200.30907232
20261001,181A,MAXIS US Treasury Bond 1-3 Year ETF (Unhedged),5507983.692255524
20261001,182A,MAXIS US Treasury Bond 20+ Year ETF (Unhedged),-1454780.1857394725
20261001,183A,MAXIS US Treasury Bond 20+ Year ETF (JPY Hedged),204504347.60688975
20261001,200A,NEXT FUNDS Nikkei Semiconductor Stock Index Exchange Traded Fund,40571742800.0
20261001,2011,SMDAM Active ETF Japan High Dividend Equity,-207335320.0
20261001,2012,iShares 0-3 Month US Treasury Bond ETF,23397074906.4
20261001,2013,iShares US High Dividend ETF,346564.46
20261001,2014,iShares US Dividend Growth ETF,339968.75
20261001,2080,PBR Improvement over 1x ETF,1078875250.0
20261001,2081,Strategic Shareholding Disposal Promotion ETF,226898530.0
20261001,2082,Investor-Management Unite as One ETF,5924800.0
20261001,2083,NEXT FUNDS Japan Growth Equity Active Exchange Traded Fund,260643800.0
20261001,2084,NEXT FUNDS Japan High Dividend Equity Active Exchange Traded Fund,762664100.0
20261001,2094,TSE REIT Inverse ETF,130900.0
20261001,221A,MAXIS Nikkei Semiconductor Stock (Japan) ETF,2864311033.1607003
20261001,2241,MAXIS NY Dow Industrial Average ETF,-14666741.618046748
20261001,2242,MAXIS NY Dow Industrial Average ETF (JPY Hedged),-57463812278.94389
20261001,2245,NEXT FUNDS Bloomberg Germany Treasury Bond (7-10 year) Index (Yen-Hedged) Exchange Traded Fund,-113452423.87246826
20261001,2250,iShares MSCI Japan Climate Action ETF,8153118650.0
20261001,2251,NEXT FUNDS JPX JGB Futures Double Inverse Index Exchange Traded Fund,-124.54
20261001,2255,iShares 20+ Year US Treasury Bond ETF,3419833545.9999995
20261001,2256,iShares US Aggregate Bond ETF,-135088.8
20261001,2257,iShares USD Investment Grade Corporate Bond ETF,-67790.3
20261001,2259,iShares 7-10 Year France Government Bond JPY Hedged ETF,-22887759559.872
20261001,236A,iShares 7-10 Year Japan Government Bond ETF,-31424336224.999992
20261001,237A,iShares 25+ Year US Treasury Bond Long Duration ETF,-1271783716.0000002
20261001,238A,iShares 25+ Year US Treasury Bond Long Duration JPY Hedged ETF,-260741603269.59518
20261001,2510,NEXT FUNDS Japan Bond NOMURA-BPI Exchange Traded Fund,132024256604.63535
20261001,2511,NEXT FUNDS International Bond FTSE World Government Bond Index (ex Japan Unhedged) Exchange Traded Fund,-40083449209.37192
20261001,2512,NEXT FUNDS International Bond FTSE World Government Bond Index (ex Japan Yen-Hedged) Exchange Traded Fund,64352183770032.74
20261001,2513,NEXT FUNDS International Equity MSCI-KOKUSAI (Unhedged) Exchange Traded Fund,-557038107916.062
20261001,2514,NEXT FUNDS International Equity MSCI-KOKUSAI (Yen-Hedged) Exchange Traded Fund,2660034995038.774
20261001,2515,NEXT FUNDS International REIT S&P Developed REIT Index (ex Japan Unhedged) Exchange Traded Fund,-6573372396.513053
20261001,2516,TSE Mothers ETF,-605198986.0
20261001,2517,MAXIS J-REIT Core ETF,772278200.0
20261001,2518,NEXT FUNDS MSCI Japan Empowering Women Select Index Exchange Traded Fund,1575171680.0
20261001,2519,NEXT FUNDS Emerging Market Bond J.P. Morgan EMBI Plus (Unhedged) Exchange Traded Fund,-1697845.8022344331
20261001,2520,NEXT FUNDS Emerging Market Equity MSCI-EM (Unhedged) Exchange Traded Fund,-122587582793.06923
20261001,2523,MAXIS TOPIX Ex-Financials ETF,78900360.0
20261001,2524,NZAM ETF TOPIX,24584851990.0
20261001,2525,NZAM ETF Nikkei 225,23140399860.0
20261001,2526,NZAM ETF JPX-Nikkei 400,3068087175.0
20261001,2527,NZAM ETF J-REIT Core Index,529397900.0
20261001,2529,NEXT FUNDS Nomura Shareholder Yield 70 Exchange Traded Fund,1808497490.0
20261001,2553,One ETF Southern China A-Share CSI 500,72777818.86872801
20261001,2554,NEXT FUNDS Bloomberg Barclays US Intermediate Corporate Index (JPY Hedged) Exchange Traded Fund,44610415.07960865
20261001,2555,TSE REIT ETF,258445500.0
20261001,2556,One ETF Tokyo Stock Exchange REIT Index,1884407500.0
20261001,2557,SMDAM TOPIX ETF,10689804950.0
20261001,2558,MAXIS S&P500 US Equity,-1954055270.3683243
20261001,2559,MAXIS World Equity (MSCI ACWI),-549134038274.46924
20261001,2560,MAXIS Carbon Efficient Japan Equity ETF,162618620.0
20261001,2561,iShares Core Japan Government Bond ETF,3500615693.8
20261001,2563,iShares S&P 500 JPY Hedged ETF,369585094908.49994
20261001,2567,NZAM ETF S&P JPX Carbon Efficient Index,3378214820.0
20261001,257A,SMT ETF Selected Japan Equity Active,42552019.532851905
20261001,258A,SMT ETF Selected J-REIT Active,87245000.0
20261001,2620,iShares 1-3 Year US Treasury Bond ETF,-6779585709.5
20261001,2621,iShares 20+ Year US Treasury Bond JPY Hedged ETF,-3191546460835.0073
20261001,2630,MAXIS S&P500 US Equity (JPY Hedged),-259731040847.153
20261001,2631,MAXIS NASDAQ100,-965919462.3383019
20261001,2632,MAXIS NASDAQ100 (JPY Hedged),-95063365985.95216
20261001,2633,NEXT FUNDS S&P 500 (Unhedged) Exchange Traded Fund,-34970792598.81255
20261001,2634,NEXT FUNDS S&P 500 (Yen-Hedged) Exchange Traded Fund,1931194157953.4238
20261001,2642,SMT ETF Carbon Efficient Index Japan Equity,186550250.0
20261001,2647,NEXT FUNDS Bloomberg US Treasury Bond (7-10 year) Index (Unhedged) Exchange Traded Fund,-24515669.61195448
20261001,2648,NEXT FUNDS Bloomberg US Treasury Bond (7-10 year) Index (Yen-Hedged) Exchange Traded Fund,8225323837.444098
20261001,2649,iShares Ginnie Mae MBS JPY Hedged ETF,4.76837158203125e-07
20261001,273A,SBI Saudi Arabia Equity Exchange Traded Fund,-40532.72902640055
20261001,2838,MAXIS 7-10 Year US Treasury Bond ETF (Unhedged),64392697.74087829
20261001,2839,MAXIS 7-10 Year US Treasury Bond ETF (Hedged),-24018605926.76738
20261001,2845,NEXT FUNDS NASDAQ-100(R) (Yen-Hedged) Exchange Traded Fund,1214551550738.3892
20261001,2846,NEXT FUNDS DJIA (Yen-Hedged) Exchange Traded Fund,4405057659892.797
20261001,2851,iShares MSCI Japan SRI ETF,181957975.0
20261001,2852,iShares Japan Green REIT ETF,17143000.0
20261001,2853,iShares Climate Risk-Adjusted Global ex Japan Government Bond JPY Hedged ETF,13283583201057.355
20261001,2856,iShares 3-7 Year US Treasury Bond JPY Hedged ETF,-426841306492.1459
20261001,2857,iShares Germany Government Bond JPY Hedged ETF,-262051642310.81497
20261001,2858,Global X Nikkei 225 Covered Call ETF (option premium reinvestment type),1301300.0
20261001,2859,NEXT FUNDS EURO STOXX 50 (Yen-Hedged) Exchange Traded Fund,193631430145.75992
20261001,2860,NEXT FUNDS German Equity DAX (Yen-Hedged) Exchange Traded Fund,966727455660.4713
20261001,294A,NEXT FUNDS MSCI Global Climate 500 Japan Selection Index Exchange Traded Fund,17268331830.0
20261001,295A,One ETF FTSE Saudi Arabia ETF,-211407.54000000027
20261001,314A,iShares Gold ETF,8850579.975
20261001,346A,NEXT FUNDS S&P 500 Semiconductors & Semiconductor Equipment (Industry Group) 35% Capped Index Exchange Traded Fund,-9390279101.001997
20261001,348A,MAXIS Yomiuri333 Japan Stock ETF,41126862.953035094
20261001,349A,SMDAM Active ETF Japanese Gross Equities,20629060.0
20261001,360A,TSE REIT Core ETF,1700.0
20261001,364A,NEXT FUNDS S&P 500 Dividend Aristocrats Index Exchange Traded Fund,-468506268.4523537
20261001,376A,NEXT FUNDS Bloomberg US Treasury Bond (7-10 year) Index (75% Yen-Hedged) Exchange Traded Fund,-13011149.625068385
20261001,380A,Global X China Tech ETF,287020.05318625004
20261001,383A,MAXIS S&P500 Equal Weight ETF,36066253.74777848
20261001,395A,Sector Restructuring Select ETF Regional Banks,627770850.0
20261001,404A,Global X China Tech Top 10 ETF,585720.6431266002
20261001,408A,iShares A.I. Global Innovation Active ETF,-5417461.56
20261001,412A,NEXT FUNDS TIP FactSet Taiwan Innovative Technology 50 Index Exchange Traded Fund,-91094654059.7475
20261001,447A,State Street SPDR Gold ETF (JPY Unhedged),1464876.64
20261001,448A,State Street SPDR Gold ETF (JPY Hedged),639621286.5788054
20261001,449A,State Street SPDR S&P 500 ETF (JPY Unhedged),-62528537.365370646
20261001,450A,State Street SPDR S&P 500 ETF (JPY Hedged),24620798037.34649
20261001,451A,State Street SPDR S&P 500 High Dividend ETF (JPY Unhedged),448382.64999999997
20261001,452A,iShares S&P 500 Premium Income ETF,-2987500.5
20261001,453A,iShares 20+ Year US Treasury Bond Premium Income ETF,-148628.0
20261001,461A,MAXIS Japan Equity High Dividend SMART 50 ETF,-55022700.57623871
20261001,486A,NEXT FUNDS EURO STOXX 50 (Unhedged) Exchange Traded Fund,-3206417315.0323224
20261001,487A,NEXT FUNDS German Equity DAX (Unhedged) Exchange Traded Fund,-3491128201.044388
20261001,488A,iShares Yen Appreciation Focus ETF,-788982863175.9513
20261001,491A,iShares S&P 500 Ex-Financials JPY Hedged ETF,32905728910.509995
20261001,492A,One ETF Japanese Government Bond High Coupon (Average Duration Below Ten Years),-890362000.0
20261001,493A,One ETF Japanese Government Bond 1-3 years,-974777000.0
20261001,494A,One ETF Japanese Government Bond 3-7 years,-1009814000.0
20261001,496A,One ETF Japanese Government Bond 17-20 years,-93842500.0
20261001,518A,NEXT FUNDS FTSE Japan ex-REITs High Income Cash Flow 50 Index Exchange Traded Fund,12363540.0
20261001,526A,JPX Startup100 ETF,-4882540.0
20261001,530A,NZAM ETF J-REIT Index (2 5 8 11),42734100.0
20261001,531A,NZAM ETF Nikkei High Dividend 50,152572180.0
20261001,532A,NZAM ETF TOPIX High Dividend 40,448771800.0
20261001,541A,One ETF Topix High Dividend Growth Index,31655650.0
20261001,552A,MAXIS US AI Infrastructure Equity ETF,-18325922.90835946
20261001,563A,Global X Nasdaq 100 Daily Covered Call ETF,-632809147183.1675
20261001,568A,iShares Silver ETF,-101263.4976
20261001,570A,iShares 0-1 Year Japan Government Bond ETF,1500000000.0
20261001,571A,iShares 1-3 Year Japan Government Bond ETF,35158200.0
20261001,572A,iShares 3-7 Year Japan Government Bond ETF,78688675.0
20261001,573A,iShares 20+  Year Japan Government Bond ETF,35058927513.45
20261001,576A,Global X China Tech Covered Call ETF,4826348.1053
20261001,585A,NV Bottom Up Equity Investment Strategy Active ETF,3664250.0
20261001,586A,NEXT FUNDS Nikkei Japan Entertainment Content Stock Index Exchange Traded Fund,-32150110.0
20261001,605A,NEXT FUNDS Japan Equity Policy Focus Exchange Traded Fund,84131040.0
20261001,606A,Gold 2x Bull ETF,519552.0
20261001,611A,One ETF Japanese Government Bond 27-30 years,9880273000.0
20261001,612A,One ETF JGB Futures Short Index,0.0
20261001,633A,Global X Korea Semiconductor Top 10 ETF,-18200773052.00004
20261001,635A,SMBC Prime Japan Short Term Bond ETF (Monthly Pay-Out),1531499250.0
20261001,636A,SMBC Prime Japan Short Term Bond ETF (Annual Pay-Out),1531499250.0
20261001,639A,NEXT FUNDS Solactive Global Memory Index Exchange Traded Fund,28324072.959999997
20261002,1306,TOPIX ETF,3808766260.0
20261002,1319,Nikkei 300,135939150.0
20261002,1321,Nikkei 225 Exchange Traded Fund,61305428820.0
20261002,1325,NEXT FUNDS Ibovespa Linked Exchange Traded Fund,-1105941811.6245444
20261002,1328,NEXT FUNDS Gold Price Exchange Traded Fund,-1387761811395.2534
20261002,1329,iShares Nikkei 225 ETF,44991902280.0
20261002,1343,NEXT FUNDS REIT INDEX ETF,-1265451800.0
20261002,1348,MAXIS TOPIX ETF,-174004150.0
20261002,1356,TOPIX Bear -2x ETF,4137.0
20261002,1357,NEXT FUNDS Nikkei 225 Double Inverse Index Exchange Traded Fund,8695260.0
20261002,1360,Nikkei225 Bear -2x ETF,4554660.0
20261002,1364,iShares JPX-Nikkei 400 ETF,-38309700.0
20261002,1369,One ETF Nikkei225,-38865513800.0
20261002,1398,SMAM REIT Index ETF,1782229800.0
20261002,1458,Rakuten ETF-Nikkei 225 Leveraged Index,-6348920.0
20261002,1459,Rakuten ETF-Nikkei 225 Double Inverse Index,1380200.0
20261002,1469,JPX-Nikkei 400 Bear -2x Double Inverse ETF,74190.0
20261002,1472,NEXT FUNDS JPX-Nikkei 400 Double Inverse Index Exchange Traded Fund,37095.0
20261002,1473,One ETF TOPIX,-30670889.0
20261002,1474,One ETF JPX-Nikkei400,-23478945.0
20261002,1475,iShares TOPIX ETF,-8654253300.0
20261002,1476,iShares Japan REIT ETF,804680865.0
20261002,1482,iShares US Treasury Bond 7-10 Year JPY Hedged ETF,-1491498578049.72
20261002,1493,One ETF JPX-Nikkei Mid Small,-128072880.0
20261002,1498,One ETF ESG,61600.0
20261002,1499,MAXIS Japan Equity High Dividend 70 Market Neutral ETF,12411.0
20261002,1545,NEXT FUNDS NASDAQ-100,-219244725809.6567
20261002,1546,NEXT FUNDS Dow Jones Industrial Average Exchange Traded Fund,-67890522837.13118
20261002,1550,MAXIS Global Equity (MSCI Kokusai),3254510694.8434877
20261002,1559,NEXT FUNDS Thai Stock SET50 Exchange Traded Fund,-8389844047.391735
20261002,1560,NEXT FUNDS FTSE Bursa Malaysia KLCI Exchange Traded Fund,-1242453981.5238366
20261002,1568,TOPIX Bull 2x ETF,24822.0
20261002,1569,TOPIX Bear -1x ETF,4137.0
20261002,1570,NEXT FUNDS Nikkei 225 Leveraged Index Exchange Traded Fund,-17942600.0
20261002,1571,NEXT FUNDS Nikkei 225 Inverse Index Exchange Traded Fund,276040.0
20261002,1579,Nikkei 225 Bull 2x ETF,4071590.0
20261002,1580,Nikkei 225 Bear -1x ETF,414060.0
20261002,1591,NEXT FUNDS JPX-Nikkei Index 400 Exchange Traded Fund,-145422200.0
20261002,1593,MAXIS JPX-Nikkei Index 400 ETF,-73688695.0
20261002,1595,NZAM ETF J-REIT Index,-501362750.0
20261002,1596,NZAM ETF TOPIX Ex-Financials,-321700.0
20261002,1597,MAXIS J-REIT ETF,1621757450.0
20261002,1622,NEXT FUNDS TOPIX-17 AUTOMOBILES & TRANSPORTATION EQUIPMENT ETF,438580.0
20261002,1627,NEXT FUNDS TOPIX-17 ELECTRIC POWER & GAS ETF,-14243350.0
20261002,1633,NEXT FUNDS TOPIX-17 REAL ESTATE ETF,140732350.0
20261002,1655,iShares S&P 500 ETF,985648.9500000001
20261002,1656,iShares Core 7-10 Year US Treasury Bond ETF,-677051263.2999974
20261002,1660,MAXIS High Yield J-REIT ETF,-91925450.0
20261002,1678,NEXT FUNDS Nifty Linked Exchange Traded Fund,-1973526627469.7905
20261002,1699,NEXT FUNDS NOMURA Crude Oil Long Index Linked Exchange Traded Fund,18133257440.584244
20261002,170A,SMT ETF Japan Equity Income Strategy Active,-1106560.660326193
20261002,179A,Global X 25+ Year T-Bond ETF (JPY Hedged),126199024.31170587
20261002,180A,Global X 25+ Year T-Bond ETF,-125280858.63229112
20261002,181A,MAXIS US Treasury Bond 1-3 Year ETF (Unhedged),308096074.93446714
20261002,182A,MAXIS US Treasury Bond 20+ Year ETF (Unhedged),-1333657.1930846893
20261002,183A,MAXIS US Treasury Bond 20+ Year ETF (JPY Hedged),-9346929003.885746
20261002,2011,SMDAM Active ETF Japan High Dividend Equity,-1504800.0
20261002,2012,iShares 0-3 Month US Treasury Bond ETF,-50328880647.8
20261002,2013,iShares US High Dividend ETF,93638.04000000001
20261002,2014,iShares US Dividend Growth ETF,96499.2
20261002,2080,PBR Improvement over 1x ETF,627800.0
20261002,2081,Strategic Shareholding Disposal Promotion ETF,63900.0
20261002,2083,NEXT FUNDS Japan Growth Equity Active Exchange Traded Fund,31470000.0
20261002,2084,NEXT FUNDS Japan High Dividend Equity Active Exchange Traded Fund,-7701650.0
20261002,2085,MAXIS High Dividend Japan Equity Actively Managed ETF,2229400.0
20261002,2094,TSE REIT Inverse ETF,-3390.0
20261002,221A,MAXIS Nikkei Semiconductor Stock (Japan) ETF,-123191536.69156274
20261002,2241,MAXIS NY Dow Industrial Average ETF,255531.60836593833
20261002,2242,MAXIS NY Dow Industrial Average ETF (JPY Hedged),19056161121.84848
20261002,2245,NEXT FUNDS Bloomberg Germany Treasury Bond (7-10 year) Index (Yen-Hedged) Exchange Traded Fund,-337294456.2133515
20261002,2255,iShares 20+ Year US Treasury Bond ETF,1295400267.7
20261002,2259,iShares 7-10 Year France Government Bond JPY Hedged ETF,-30531101463.363003
20261002,237A,iShares 25+ Year US Treasury Bond Long Duration ETF,893069214.0000001
20261002,238A,iShares 25+ Year US Treasury Bond Long Duration JPY Hedged ETF,-137005605587.829
20261002,2510,NEXT FUNDS Japan Bond NOMURA-BPI Exchange Traded Fund,45173574918.63226
20261002,2511,NEXT FUNDS International Bond FTSE World Government Bond Index (ex Japan Unhedged) Exchange Traded Fund,56238501848.70633
20261002,2512,NEXT FUNDS International Bond FTSE World Government Bond Index (ex Japan Yen-Hedged) Exchange Traded Fund,43680176440403.55
20261002,2513,NEXT FUNDS International Equity MSCI-KOKUSAI (Unhedged) Exchange Traded Fund,-397243670113.1782
20261002,2514,NEXT FUNDS International Equity MSCI-KOKUSAI (Yen-Hedged) Exchange Traded Fund,2520940574407.7827
20261002,2515,NEXT FUNDS International REIT S&P Developed REIT Index (ex Japan Unhedged) Exchange Traded Fund,-3820766064.5339036
20261002,2517,MAXIS J-REIT Core ETF,-706716300.0
20261002,2518,NEXT FUNDS MSCI Japan Empowering Women Select Index Exchange Traded Fund,120700.0
20261002,2519,NEXT FUNDS Emerging Market Bond J.P. Morgan EMBI Plus (Unhedged) Exchange Traded Fund,20670086.952489704
20261002,2520,NEXT FUNDS Emerging Market Equity MSCI-EM (Unhedged) Exchange Traded Fund,-113516891077.48569
20261002,2522,iShares Automation & Robot ETF,-574369.5
20261002,2523,MAXIS TOPIX Ex-Financials ETF,-91250.0
20261002,2524,NZAM ETF TOPIX,-15338800.0
20261002,2526,NZAM ETF JPX-Nikkei 400,-4618900.0
20261002,2527,NZAM ETF J-REIT Core Index,-304053400.0
20261002,2553,One ETF Southern China A-Share CSI 500,0.0
20261002,2554,NEXT FUNDS Bloomberg Barclays US Intermediate Corporate Index (JPY Hedged) Exchange Traded Fund,601488761.3184538
20261002,2556,One ETF Tokyo Stock Exchange REIT Index,487761900.0
20261002,2557,SMDAM TOPIX ETF,-4230450.0
20261002,2558,MAXIS S&P500 US Equity,-47897005.89095476
20261002,2559,MAXIS World Equity (MSCI ACWI),-39918079085.58352
20261002,2560,MAXIS Carbon Efficient Japan Equity ETF,-25200.0
20261002,2561,iShares Core Japan Government Bond ETF,3925001300.0
20261002,2563,iShares S&P 500 JPY Hedged ETF,-1144453733688.97
20261002,2567,NZAM ETF S&P JPX Carbon Efficient Index,-511000.0
20261002,257A,SMT ETF Selected Japan Equity Active,-131990.89193750062
20261002,2620,iShares 1-3 Year US Treasury Bond ETF,2151746519.199999
20261002,2621,iShares 20+ Year US Treasury Bond JPY Hedged ETF,-3231773217436.4614
20261002,2630,MAXIS S&P500 US Equity (JPY Hedged),73743165476.33255
20261002,2631,MAXIS NASDAQ100,-5975829.475615026
20261002,2632,MAXIS NASDAQ100 (JPY Hedged),32470621004.175934
20261002,2633,NEXT FUNDS S&P 500 (Unhedged) Exchange Traded Fund,-29705415437.746357
20261002,2634,NEXT FUNDS S&P 500 (Yen-Hedged) Exchange Traded Fund,1925277384858.549
20261002,2642,SMT ETF Carbon Efficient Index Japan Equity,-28550.0
20261002,2647,NEXT FUNDS Bloomberg US Treasury Bond (7-10 year) Index (Unhedged) Exchange Traded Fund,1140551.5177311872
20261002,2648,NEXT FUNDS Bloomberg US Treasury Bond (7-10 year) Index (Yen-Hedged) Exchange Traded Fund,2067885744.05301
20261002,2649,iShares Ginnie Mae MBS JPY Hedged ETF,12410345978.519999
20261002,273A,SBI Saudi Arabia Equity Exchange Traded Fund,-3735.3591911997337
20261002,2838,MAXIS 7-10 Year US Treasury Bond ETF (Unhedged),47611903.55753638
20261002,2839,MAXIS 7-10 Year US Treasury Bond ETF (Hedged),8061315822.950451
20261002,2845,NEXT FUNDS NASDAQ-100(R) (Yen-Hedged) Exchange Traded Fund,1229677450969.2095
20261002,2846,NEXT FUNDS DJIA (Yen-Hedged) Exchange Traded Fund,4228543853824.1865
20261002,2853,iShares Climate Risk-Adjusted Global ex Japan Government Bond JPY Hedged ETF,14096408831621.34
20261002,2856,iShares 3-7 Year US Treasury Bond JPY Hedged ETF,-462210553428.5915
20261002,2857,iShares Germany Government Bond JPY Hedged ETF,-266876327841.00604
20261002,2858,Global X Nikkei 225 Covered Call ETF (option premium reinvestment type),1307900.0
20261002,2859,NEXT FUNDS EURO STOXX 50 (Yen-Hedged) Exchange Traded Fund,203842159364.43982
20261002,2860,NEXT FUNDS German Equity DAX (Yen-Hedged) Exchange Traded Fund,917384910917.3812
20261002,295A,One ETF FTSE Saudi Arabia ETF,0.0
20261002,346A,NEXT FUNDS S&P 500 Semiconductors & Semiconductor Equipment (Industry Group) 35% Capped Index Exchange Traded Fund,-9112416850.582699
20261002,348A,MAXIS Yomiuri333 Japan Stock ETF,160841.65839329228
20261002,349A,SMDAM Active ETF Japanese Gross Equities,-81150.0
20261002,364A,NEXT FUNDS S&P 500 Dividend Aristocrats Index Exchange Traded Fund,-561125093.1359973
20261002,376A,NEXT FUNDS Bloomberg US Treasury Bond (7-10 year) Index (75% Yen-Hedged) Exchange Traded Fund,-77157377.82310657
20261002,380A,Global X China Tech ETF,904.1214
20261002,383A,MAXIS S&P500 Equal Weight ETF,-98766.18115164734
20261002,404A,Global X China Tech Top 10 ETF,479903.97815312
20261002,408A,iShares A.I. Global Innovation Active ETF,-581427.99
20261002,412A,NEXT FUNDS TIP FactSet Taiwan Innovative Technology 50 Index Exchange Traded Fund,-91844794892.80843
20261002,447A,State Street SPDR Gold ETF (JPY Unhedged),132145.44
20261002,448A,State Street SPDR Gold ETF (JPY Hedged),540742465.0346309
20261002,449A,State Street SPDR S&P 500 ETF (JPY Unhedged),-44123151.17057573
20261002,450A,State Street SPDR S&P 500 ETF (JPY Hedged),25068858914.438377
20261002,451A,State Street SPDR S&P 500 High Dividend ETF (JPY Unhedged),0.0
20261002,452A,iShares S&P 500 Premium Income ETF,-1541103.0
20261002,453A,iShares 20+ Year US Treasury Bond Premium Income ETF,271030.17
20261002,461A,MAXIS Japan Equity High Dividend SMART 50 ETF,-14700.993247907187
20261002,486A,NEXT FUNDS EURO STOXX 50 (Unhedged) Exchange Traded Fund,-1825464292.505493
20261002,487A,NEXT FUNDS German Equity DAX (Unhedged) Exchange Traded Fund,-4014514302.7260504
20261002,488A,iShares Yen Appreciation Focus ETF,-113955905912.23546
20261002,491A,iShares S&P 500 Ex-Financials JPY Hedged ETF,-69014851576.31999
20261002,502A,Global X JPY Ultra Short-Term Bond ETF,19932166000.0
20261002,518A,NEXT FUNDS FTSE Japan ex-REITs High Income Cash Flow 50 Index Exchange Traded Fund,4349163.0
20261002,531A,NZAM ETF Nikkei High Dividend 50,0.0
20261002,532A,NZAM ETF TOPIX High Dividend 40,0.0
20261002,552A,MAXIS US AI Infrastructure Equity ETF,270614.5605537729
20261002,563A,Global X Nasdaq 100 Daily Covered Call ETF,225430717658.24402
20261002,570A,iShares 0-1 Year Japan Government Bond ETF,3254797750.0
20261002,573A,iShares 20+  Year Japan Government Bond ETF,4814786750.0
20261002,576A,Global X China Tech Covered Call ETF,61980.08296100001
20261002,585A,NV Bottom Up Equity Investment Strategy Active ETF,697950.0
20261002,606A,Gold 2x Bull ETF,87364.0
20261002,612A,One ETF JGB Futures Short Index,0.0
20261002,633A,Global X Korea Semiconductor Top 10 ETF,738255.58771811
20261002,635A,SMBC Prime Japan Short Term Bond ETF (Monthly Pay-Out),-51261300.0
20261002,636A,SMBC Prime Japan Short Term Bond ETF (Annual Pay-Out),-51261300.0
20261002,639A,NEXT FUNDS Solactive Global Memory Index Exchange Traded Fund,-2831850420.2704163
20261006,1306,TOPIX ETF,-45265400.0
20261006,1311,TOPIX Core 30 Exchange Traded,-212061950.0
20261006,1321,Nikkei 225 Exchange Traded Fund,16599428880.0
20261006,1325,NEXT FUNDS Ibovespa Linked Exchange Traded Fund,-1126946898.7732334
20261006,1328,NEXT FUNDS Gold Price Exchange Traded Fund,-1384537909863.3423
20261006,1329,iShares Nikkei 225 ETF,-24899143320.0
20261006,1343,NEXT FUNDS REIT INDEX ETF,1631499700.0
20261006,1346,MAXIS NIKKEI225 ETF,-2074998700.0
20261006,1348,MAXIS TOPIX ETF,-7752283670.0
20261006,1356,TOPIX Bear -2x ETF,8328.0
20261006,1357,NEXT FUNDS Nikkei 225 Double Inverse Index Exchange Traded Fund,-17802860.0
20261006,1360,Nikkei225 Bear -2x ETF,-4485760.0
20261006,1369,One ETF Nikkei225,49797235290.0
20261006,1397,SMAM NIKKEI225 ETF,17169000.0
20261006,1398,SMAM REIT Index ETF,-493483200.0
20261006,1458,Rakuten ETF-Nikkei 225 Leveraged Index,-6868820.0
20261006,1459,Rakuten ETF-Nikkei 225 Double Inverse Index,-770990.0
20261006,1469,JPX-Nikkei 400 Bear -2x Double Inverse ETF,74750.0
20261006,1472,NEXT FUNDS JPX-Nikkei 400 Double Inverse Index Exchange Traded Fund,74750.0
20261006,1473,One ETF TOPIX,-3770680960.0
20261006,1474,One ETF JPX-Nikkei400,-35775.0
20261006,1475,iShares TOPIX ETF,-927316.0
20261006,1476,iShares Japan REIT ETF,435259600.0
20261006,1477,iShares MSCI Japan Minimum Volatility (ex-REITs) ETF,-986807002.0
20261006,1478,iShares MSCI Japan High Dividend ETF,-528611500.0
20261006,1480,NEXT FUNDS Nomura Enterprise Value Allocation Index Exchange Traded Fund,1208290.0
20261006,1482,iShares US Treasury Bond 7-10 Year JPY Hedged ETF,-800871331012.0
20261006,1494,One ETF High Dividend Japan Equity,168946750.0
20261006,1498,One ETF ESG,42400.0
20261006,1545,NEXT FUNDS NASDAQ-100,-223111081681.46188
20261006,1546,NEXT FUNDS Dow Jones Industrial Average Exchange Traded Fund,-67148901668.86687
20261006,1550,MAXIS Global Equity (MSCI Kokusai),-1487228191.6185508
20261006,1559,NEXT FUNDS Thai Stock SET50 Exchange Traded Fund,-6763073271.41844
20261006,1560,NEXT FUNDS FTSE Bursa Malaysia KLCI Exchange Traded Fund,-1234833783.206797
20261006,1568,TOPIX Bull 2x ETF,-33312.0
20261006,1569,TOPIX Bear -1x ETF,8328.0
20261006,1570,NEXT FUNDS Nikkei 225 Leveraged Index Exchange Traded Fund,-132259830.0
20261006,1571,NEXT FUNDS Nikkei 225 Inverse Index Exchange Traded Fund,-630810.0
20261006,1572,China Bull 2x HSCEI ETF,-71892.0
20261006,1573,China Bear -1x HSCEI ETF,-39940.0
20261006,1579,Nikkei 225 Bull 2x ETF,-13667550.0
20261006,1580,Nikkei 225 Bear -1x ETF,140180.0
20261006,1593,MAXIS JPX-Nikkei Index 400 ETF,-11329702845.0
20261006,1595,NZAM ETF J-REIT Index,1291966700.0
20261006,1597,MAXIS J-REIT ETF,563626249.0
20261006,1615,TOPIX Banks,-161024106750.0
20261006,1618,NEXT FUNDS TOPIX-17 ENERGY RESOURCES ETF,1234275550.0
20261006,1619,NEXT FUNDS TOPIX-17 CONSTRUCTION & MATERIALS ETF,18815100.0
20261006,1620,NEXT FUNDS TOPIX-17 RAW MATERIALS & CHEMICALS ETF,225054450.0
20261006,1622,NEXT FUNDS TOPIX-17 AUTOMOBILES & TRANSPORTATION EQUIPMENT ETF,807827520.0
20261006,1623,NEXT FUNDS TOPIX-17 STEEL & NONFERROUS ETF,-3463881100.0
20261006,1624,NEXT FUNDS TOPIX-17 MACHINERY ETF,763453050.0
20261006,1625,NEXT FUNDS TOPIX-17 ELECTRIC APPLIANCES & PRECISION INSTRUMENTS ETF,-550469700.0
20261006,1627,NEXT FUNDS TOPIX-17 ELECTRIC POWER & GAS ETF,-825319330.0
20261006,1628,NEXT FUNDS TOPIX-17 TRANSPORTATION & LOGISTICS ETF,-639001630.0
20261006,1629,NEXT FUNDS TOPIX-17 COMMERCIAL & WHOLESALE TRADE ETF,142439400.0
20261006,1630,NEXT FUNDS TOPIX-17 RETAIL TRADE ETF,448021590.0
20261006,1631,NEXT FUNDS TOPIX-17 BANKS ETF,258321830.0
20261006,1632,NEXT FUNDS TOPIX-17 FINANCIALS (EX BANKS) ETF,252105830.0
20261006,1633,NEXT FUNDS TOPIX-17 REAL ESTATE ETF,832888650.0
20261006,1655,iShares S&P 500 ETF,552766.5
20261006,1656,iShares Core 7-10 Year US Treasury Bond ETF,-4227399944.800001
20261006,1658,iShares Core MSCI Emerging Markets IMI ETF,553871.0
20261006,1659,iShares US REIT ETF,1467621.12
20261006,1660,MAXIS High Yield J-REIT ETF,98129649.0
20261006,1678,NEXT FUNDS Nifty Linked Exchange Traded Fund,-1919622548847.268
20261006,1699,NEXT FUNDS NOMURA Crude Oil Long Index Linked Exchange Traded Fund,17537037053.65981
20261006,170A,SMT ETF Japan Equity Income Strategy Active,-844909.6022290112
20261006,179A,Global X 25+ Year T-Bond ETF (JPY Hedged),-1612373.3023324502
20261006,180A,Global X 25+ Year T-Bond ETF,363.704468885
20261006,181A,MAXIS US Treasury Bond 1-3 Year ETF (Unhedged),-2436699.7704474363
20261006,182A,MAXIS US Treasury Bond 20+ Year ETF (Unhedged),-5767414.4686202435
20261006,183A,MAXIS US Treasury Bond 20+ Year ETF (JPY Hedged),4655181300.695307
20261006,200A,NEXT FUNDS Nikkei Semiconductor Stock Index Exchange Traded Fund,-724498950.0
20261006,2012,iShares 0-3 Month US Treasury Bond ETF,-14108087856.4
20261006,2013,iShares US High Dividend ETF,93905.95999999999
20261006,2014,iShares US Dividend Growth ETF,96985.59999999999
20261006,2080,PBR Improvement over 1x ETF,-1055524290.0
20261006,2083,NEXT FUNDS Japan Growth Equity Active Exchange Traded Fund,-5665900.0
20261006,2094,TSE REIT Inverse ETF,-13208.0
20261006,221A,MAXIS Nikkei Semiconductor Stock (Japan) ETF,-2558585.416597803
20261006,2241,MAXIS NY Dow Industrial Average ETF,383231.59026961966
20261006,2242,MAXIS NY Dow Industrial Average ETF (JPY Hedged),6370358.105795864
20261006,2245,NEXT FUNDS Bloomberg Germany Treasury Bond (7-10 year) Index (Yen-Hedged) Exchange Traded Fund,-463276250.62889415
20261006,2250,iShares MSCI Japan Climate Action ETF,-382968130.0
20261006,2251,NEXT FUNDS JPX JGB Futures Double Inverse Index Exchange Traded Fund,373.5
20261006,2255,iShares 20+ Year US Treasury Bond ETF,1371849291.0000005
20261006,2258,iShares USD High Yield Corporate Bond ETF,1103677.4400000002
20261006,2259,iShares 7-10 Year France Government Bond JPY Hedged ETF,-16337380197.356003
20261006,237A,iShares 25+ Year US Treasury Bond Long Duration ETF,1527028532.0
20261006,238A,iShares 25+ Year US Treasury Bond Long Duration JPY Hedged ETF,-136511509336.24399
20261006,2510,NEXT FUNDS Japan Bond NOMURA-BPI Exchange Traded Fund,33038867676.145176
20261006,2511,NEXT FUNDS International Bond FTSE World Government Bond Index (ex Japan Unhedged) Exchange Traded Fund,-71297081111.93195
20261006,2512,NEXT FUNDS International Bond FTSE World Government Bond Index (ex Japan Yen-Hedged) Exchange Traded Fund,51093760575208.125
20261006,2513,NEXT FUNDS International Equity MSCI-KOKUSAI (Unhedged) Exchange Traded Fund,-399677224118.43164
20261006,2514,NEXT FUNDS International Equity MSCI-KOKUSAI (Yen-Hedged) Exchange Traded Fund,2470794724665.418
20261006,2515,NEXT FUNDS International REIT S&P Developed REIT Index (ex Japan Unhedged) Exchange Traded Fund,22480936074.340557
20261006,2516,TSE Mothers ETF,4849800.0
20261006,2517,MAXIS J-REIT Core ETF,-1651.0
20261006,2519,NEXT FUNDS Emerging Market Bond J.P. Morgan EMBI Plus (Unhedged) Exchange Traded Fund,-53916661.062102064
20261006,2520,NEXT FUNDS Emerging Market Equity MSCI-EM (Unhedged) Exchange Traded Fund,-113365353382.2298
20261006,2524,NZAM ETF TOPIX,-2093678430.0
20261006,2527,NZAM ETF J-REIT Core Index,-98797100.0
20261006,2553,One ETF Southern China A-Share CSI 500,0.0
20261006,2554,NEXT FUNDS Bloomberg Barclays US Intermediate Corporate Index (JPY Hedged) Exchange Traded Fund,-224389753.71859482
20261006,2556,One ETF Tokyo Stock Exchange REIT Index,-950894300.0
20261006,2558,MAXIS S&P500 US Equity,-90908156.49028863
20261006,2559,MAXIS World Equity (MSCI ACWI),-577695901645.7236
20261006,2561,iShares Core Japan Government Bond ETF,7917613475.0
20261006,2563,iShares S&P 500 JPY Hedged ETF,149951765381.97998
20261006,257A,SMT ETF Selected Japan Equity Active,-259724.58580590438
20261006,258A,SMT ETF Selected J-REIT Active,-3583000.0
20261006,2620,iShares 1-3 Year US Treasury Bond ETF,-76253955127.6
20261006,2621,iShares 20+ Year US Treasury Bond JPY Hedged ETF,-2740354682506.5273
20261006,2630,MAXIS S&P500 US Equity (JPY Hedged),1929747669.5681753
20261006,2631,MAXIS NASDAQ100,-33959445.43185204
20261006,2632,MAXIS NASDAQ100 (JPY Hedged),-3903713.970683297
20261006,2633,NEXT FUNDS S&P 500 (Unhedged) Exchange Traded Fund,-29994356861.290222
20261006,2634,NEXT FUNDS S&P 500 (Yen-Hedged) Exchange Traded Fund,1941074036949.2708
20261006,2642,SMT ETF Carbon Efficient Index Japan Equity,-282900.0
20261006,2647,NEXT FUNDS Bloomberg US Treasury Bond (7-10 year) Index (Unhedged) Exchange Traded Fund,6140518.8825019
20261006,2648,NEXT FUNDS Bloomberg US Treasury Bond (7-10 year) Index (Yen-Hedged) Exchange Traded Fund,274996895.8237103
20261006,2649,iShares Ginnie Mae MBS JPY Hedged ETF,-14810088318.699999
20261006,273A,SBI Saudi Arabia Equity Exchange Traded Fund,-571532.9291019501
20261006,2838,MAXIS 7-10 Year US Treasury Bond ETF (Unhedged),-78337078.4843117
20261006,2839,MAXIS 7-10 Year US Treasury Bond ETF (Hedged),-102341336.01244825
20261006,2845,NEXT FUNDS NASDAQ-100(R) (Yen-Hedged) Exchange Traded Fund,1282370300745.4387
20261006,2846,NEXT FUNDS DJIA (Yen-Hedged) Exchange Traded Fund,4335062042798.392
20261006,2853,iShares Climate Risk-Adjusted Global ex Japan Government Bond JPY Hedged ETF,14271452076315.664
20261006,2856,iShares 3-7 Year US Treasury Bond JPY Hedged ETF,-384819417722.0415
20261006,2857,iShares Germany Government Bond JPY Hedged ETF,-238988648796.622
20261006,2858,Global X Nikkei 225 Covered Call ETF (option premium reinvestment type),1309300.0
20261006,2859,NEXT FUNDS EURO STOXX 50 (Yen-Hedged) Exchange Traded Fund,202497053115.37848
20261006,2860,NEXT FUNDS German Equity DAX (Yen-Hedged) Exchange Traded Fund,918274312259.164
20261006,295A,One ETF FTSE Saudi Arabia ETF,661376.5399999999
20261006,314A,iShares Gold ETF,-1568560.44
20261006,346A,NEXT FUNDS S&P 500 Semiconductors & Semiconductor Equipment (Industry Group) 35% Capped Index Exchange Traded Fund,-9251859509.650667
20261006,348A,MAXIS Yomiuri333 Japan Stock ETF,299690.61835520645
20261006,349A,SMDAM Active ETF Japanese Gross Equities,-55180.0
20261006,364A,NEXT FUNDS S&P 500 Dividend Aristocrats Index Exchange Traded Fund,-592566302.3592856
20261006,376A,NEXT FUNDS Bloomberg US Treasury Bond (7-10 year) Index (75% Yen-Hedged) Exchange Traded Fund,-450769089.3857245
20261006,380A,Global X China Tech ETF,-45215.91474205994
20261006,383A,MAXIS S&P500 Equal Weight ETF,1246258.3305271983
20261006,392A,iShares Nasdaq Top 30 ETF,-553794.672
20261006,404A,Global X China Tech Top 10 ETF,-425233.86434220994
20261006,412A,NEXT FUNDS TIP FactSet Taiwan Innovative Technology 50 Index Exchange Traded Fund,-185927292907.41037
20261006,447A,State Street SPDR Gold ETF (JPY Unhedged),395481.0
20261006,448A,State Street SPDR Gold ETF (JPY Hedged),590269021.6555676
20261006,449A,State Street SPDR S&P 500 ETF (JPY Unhedged),-82333525.78726257
20261006,450A,State Street SPDR S&P 500 ETF (JPY Hedged),24716228937.720257
20261006,451A,State Street SPDR S&P 500 High Dividend ETF (JPY Unhedged),69628.26
20261006,453A,iShares 20+ Year US Treasury Bond Premium Income ETF,89028.57500000001
20261006,461A,MAXIS Japan Equity High Dividend SMART 50 ETF,-22060.20899501514
20261006,486A,NEXT FUNDS EURO STOXX 50 (Unhedged) Exchange Traded Fund,-1750384519.9428103
20261006,487A,NEXT FUNDS German Equity DAX (Unhedged) Exchange Traded Fund,-3989201522.9958158
20261006,488A,iShares Yen Appreciation Focus ETF,-146532039239.23547
20261006,489A,TSE REIT Logistics Focus ETF,-510700.0
20261006,491A,iShares S&P 500 Ex-Financials JPY Hedged ETF,41970.23999977112
20261006,502A,Global X JPY Ultra Short-Term Bond ETF,19935982000.0
20261006,530A,NZAM ETF J-REIT Index (2 5 8 11),43103300.0
20261006,531A,NZAM ETF Nikkei High Dividend 50,1990823550.0
20261006,532A,NZAM ETF TOPIX High Dividend 40,0.0
20261006,541A,One ETF Topix High Dividend Growth Index,25862790.0
20261006,552A,MAXIS US AI Infrastructure Equity ETF,583402.8380869537
20261006,563A,Global X Nasdaq 100 Daily Covered Call ETF,444433774.65848106
20261006,570A,iShares 0-1 Year Japan Government Bond ETF,3000684600.0
20261006,576A,Global X China Tech Covered Call ETF,-1751.1990109200124
20261006,605A,NEXT FUNDS Japan Equity Policy Focus Exchange Traded Fund,12476150.0
20261006,606A,Gold 2x Bull ETF,-172600.0
20261006,612A,One ETF JGB Futures Short Index,0.0
20261006,633A,Global X Korea Semiconductor Top 10 ETF,-8754199231.252932
20261006,635A,SMBC Prime Japan Short Term Bond ETF (Monthly Pay-Out),-4490595000.0
20261006,636A,SMBC Prime Japan Short Term Bond ETF (Annual Pay-Out),-4490595000.0
20261006,639A,NEXT FUNDS Solactive Global Memory Index Exchange Traded Fund,-55265688499.52382
20261007,1306,TOPIX ETF,-8660304030.0
20261007,1325,NEXT FUNDS Ibovespa Linked Exchange Traded Fund,-1173423001.3774815
20261007,1328,NEXT FUNDS Gold Price Exchange Traded Fund,-1371863672526.768
20261007,1329,iShares Nikkei 225 ETF,-12580770060.0
20261007,1343,NEXT FUNDS REIT INDEX ETF,1173442400.0
20261007,1356,TOPIX Bear -2x ETF,-20982.5
20261007,1357,NEXT FUNDS Nikkei 225 Double Inverse Index Exchange Traded Fund,4466700.0
20261007,1360,Nikkei225 Bear -2x ETF,1985200.0
20261007,1364,iShares JPX-Nikkei 400 ETF,435636860.0
20261007,1369,One ETF Nikkei225,-2096795010.0
20261007,1397,SMAM NIKKEI225 ETF,-17310160.0
20261007,1398,SMAM REIT Index ETF,511857800.0
20261007,1458,Rakuten ETF-Nikkei 225 Leveraged Index,-2836000.0
20261007,1459,Rakuten ETF-Nikkei 225 Double Inverse Index,567200.0
20261007,1469,JPX-Nikkei 400 Bear -2x Double Inverse ETF,75260.0
20261007,1472,NEXT FUNDS JPX-Nikkei 400 Double Inverse Index Exchange Traded Fund,37630.0
20261007,1473,One ETF TOPIX,-4196.5
20261007,1474,One ETF JPX-Nikkei400,-75260.0
20261007,1476,iShares Japan REIT ETF,-1296613500.0
20261007,1478,iShares MSCI Japan High Dividend ETF,142359742.0
20261007,1482,iShares US Treasury Bond 7-10 Year JPY Hedged ETF,-840858935368.3824
20261007,1499,MAXIS Japan Equity High Dividend 70 Market Neutral ETF,-195439064.0
20261007,1545,NEXT FUNDS NASDAQ-100,-229740091485.7916
20261007,1546,NEXT FUNDS Dow Jones Industrial Average Exchange Traded Fund,-142815582452.52658
20261007,1550,MAXIS Global Equity (MSCI Kokusai),1531522388.3482223
20261007,1559,NEXT FUNDS Thai Stock SET50 Exchange Traded Fund,-6812331306.798954
20261007,1560,NEXT FUNDS FTSE Bursa Malaysia KLCI Exchange Traded Fund,-1246524787.7072742
20261007,1568,TOPIX Bull 2x ETF,16786.0
20261007,1569,TOPIX Bear -1x ETF,4196.5
20261007,1570,NEXT FUNDS Nikkei 225 Leveraged Index Exchange Traded Fund,-50622600.0
20261007,1571,NEXT FUNDS Nikkei 225 Inverse Index Exchange Traded Fund,141800.0
20261007,1572,China Bull 2x HSCEI ETF,32164.0
20261007,1573,China Bear -1x HSCEI ETF,16082.0
20261007,1579,Nikkei 225 Bull 2x ETF,-1134400.0
20261007,1580,Nikkei 225 Bear -1x ETF,141800.0
20261007,1593,MAXIS JPX-Nikkei Index 400 ETF,-37630.0
20261007,1597,MAXIS J-REIT ETF,615973100.0
20261007,1615,TOPIX Banks,-2309018460.0
20261007,1624,NEXT FUNDS TOPIX-17 MACHINERY ETF,-126992420.0
20261007,1656,iShares Core 7-10 Year US Treasury Bond ETF,6369827738.9
20261007,1657,iShares Core MSCI Kokusai ETF,723259.3500000001
20261007,1678,NEXT FUNDS Nifty Linked Exchange Traded Fund,-1854387088286.594
20261007,1699,NEXT FUNDS NOMURA Crude Oil Long Index Linked Exchange Traded Fund,17957621000.720333
20261007,170A,SMT ETF Japan Equity Income Strategy Active,-612974.1383570019
20261007,179A,Global X 25+ Year T-Bond ETF (JPY Hedged),0.0
20261007,180A,Global X 25+ Year T-Bond ETF,0.0
20261007,181A,MAXIS US Treasury Bond 1-3 Year ETF (Unhedged),468066.880355974
20261007,182A,MAXIS US Treasury Bond 20+ Year ETF (Unhedged),5376270.867064783
20261007,183A,MAXIS US Treasury Bond 20+ Year ETF (JPY Hedged),94821262.55425724
20261007,2011,SMDAM Active ETF Japan High Dividend Equity,1419100.0
20261007,2012,iShares 0-3 Month US Treasury Bond ETF,-23578513094.4
20261007,2083,NEXT FUNDS Japan Growth Equity Active Exchange Traded Fund,1779900.0
20261007,2094,TSE REIT Inverse ETF,1658.0
20261007,221A,MAXIS Nikkei Semiconductor Stock (Japan) ETF,-632653991.6993474
20261007,2241,MAXIS NY Dow Industrial Average ETF,6163569.806129491
20261007,2242,MAXIS NY Dow Industrial Average ETF (JPY Hedged),24848112.455828786
20261007,2245,NEXT FUNDS Bloomberg Germany Treasury Bond (7-10 year) Index (Yen-Hedged) Exchange Traded Fund,-389203637.76722336
20261007,2255,iShares 20+ Year US Treasury Bond ETF,2788384871.4999995
20261007,2259,iShares 7-10 Year France Government Bond JPY Hedged ETF,-20774905882.522003
20261007,237A,iShares 25+ Year US Treasury Bond Long Duration ETF,370210341.29999983
20261007,238A,iShares 25+ Year US Treasury Bond Long Duration JPY Hedged ETF,-139811416348.6594
20261007,2510,NEXT FUNDS Japan Bond NOMURA-BPI Exchange Traded Fund,31567517566.019096
20261007,2511,NEXT FUNDS International Bond FTSE World Government Bond Index (ex Japan Unhedged) Exchange Traded Fund,-77027062828.71364
20261007,2512,NEXT FUNDS International Bond FTSE World Government Bond Index (ex Japan Yen-Hedged) Exchange Traded Fund,51380473302980.81
20261007,2513,NEXT FUNDS International Equity MSCI-KOKUSAI (Unhedged) Exchange Traded Fund,-461205549141.9029
20261007,2514,NEXT FUNDS International Equity MSCI-KOKUSAI (Yen-Hedged) Exchange Traded Fund,2410709485823.312
20261007,2515,NEXT FUNDS International REIT S&P Developed REIT Index (ex Japan Unhedged) Exchange Traded Fund,-5351631133.682278
20261007,2519,NEXT FUNDS Emerging Market Bond J.P. Morgan EMBI Plus (Unhedged) Exchange Traded Fund,-6439257.859723998
20261007,2520,NEXT FUNDS Emerging Market Equity MSCI-EM (Unhedged) Exchange Traded Fund,-113913751222.60065
20261007,2524,NZAM ETF TOPIX,11225129440.0
20261007,2525,NZAM ETF Nikkei 225,-2096795010.0
20261007,2553,One ETF Southern China A-Share CSI 500,0.0
20261007,2554,NEXT FUNDS Bloomberg Barclays US Intermediate Corporate Index (JPY Hedged) Exchange Traded Fund,22756400.732629318
20261007,2555,TSE REIT ETF,-255964200.0
20261007,2556,One ETF Tokyo Stock Exchange REIT Index,-3316.0
20261007,2558,MAXIS S&P500 US Equity,453007239.62567854
20261007,2559,MAXIS World Equity (MSCI ACWI),-568573723804.4181
20261007,2561,iShares Core Japan Government Bond ETF,145135599800.0
20261007,2563,iShares S&P 500 JPY Hedged ETF,0.0
20261007,257A,SMT ETF Selected Japan Equity Active,-139472.73837449958
20261007,2620,iShares 1-3 Year US Treasury Bond ETF,1445452103.799999
20261007,2621,iShares 20+ Year US Treasury Bond JPY Hedged ETF,-2834631694069.513
20261007,2630,MAXIS S&P500 US Equity (JPY Hedged),128185739.71435587
20261007,2631,MAXIS NASDAQ100,64990333.43609605
20261007,2632,MAXIS NASDAQ100 (JPY Hedged),23561181.096205886
20261007,2633,NEXT FUNDS S&P 500 (Unhedged) Exchange Traded Fund,-30726835731.761623
20261007,2634,NEXT FUNDS S&P 500 (Yen-Hedged) Exchange Traded Fund,1952557187576.401
20261007,2647,NEXT FUNDS Bloomberg US Treasury Bond (7-10 year) Index (Unhedged) Exchange Traded Fund,1525284.4370999723
20261007,2648,NEXT FUNDS Bloomberg US Treasury Bond (7-10 year) Index (Yen-Hedged) Exchange Traded Fund,-69828464.44488381
20261007,2649,iShares Ginnie Mae MBS JPY Hedged ETF,0.0
20261007,273A,SBI Saudi Arabia Equity Exchange Traded Fund,519886.6543886074
20261007,2838,MAXIS 7-10 Year US Treasury Bond ETF (Unhedged),1210276.3582574765
20261007,2839,MAXIS 7-10 Year US Treasury Bond ETF (Hedged),1114229.8845133034
20261007,2845,NEXT FUNDS NASDAQ-100(R) (Yen-Hedged) Exchange Traded Fund,1290759874536.5059
20261007,2846,NEXT FUNDS DJIA (Yen-Hedged) Exchange Traded Fund,4586267833810.021
20261007,2853,iShares Climate Risk-Adjusted Global ex Japan Government Bond JPY Hedged ETF,14051961237142.17
20261007,2856,iShares 3-7 Year US Treasury Bond JPY Hedged ETF,-388624785965.7615
20261007,2857,iShares Germany Government Bond JPY Hedged ETF,-241275140978.74005
20261007,2858,Global X Nikkei 225 Covered Call ETF (option premium reinvestment type),1310500.0
20261007,2859,NEXT FUNDS EURO STOXX 50 (Yen-Hedged) Exchange Traded Fund,202661785701.40063
20261007,2860,NEXT FUNDS German Equity DAX (Yen-Hedged) Exchange Traded Fund,918920815541.4325
20261007,295A,One ETF FTSE Saudi Arabia ETF,0.0
20261007,314A,iShares Gold ETF,978338.9249999999
20261007,346A,NEXT FUNDS S&P 500 Semiconductors & Semiconductor Equipment (Industry Group) 35% Capped Index Exchange Traded Fund,-9657992561.106333
20261007,348A,MAXIS Yomiuri333 Japan Stock ETF,-232703.47204311087
20261007,364A,NEXT FUNDS S&P 500 Dividend Aristocrats Index Exchange Traded Fund,-512303264.43612
20261007,376A,NEXT FUNDS Bloomberg US Treasury Bond (7-10 year) Index (75% Yen-Hedged) Exchange Traded Fund,-154555144.91275948
20261007,380A,Global X China Tech ETF,255308.63062704
20261007,383A,MAXIS S&P500 Equal Weight ETF,-4493183.992498912
20261007,404A,Global X China Tech Top 10 ETF,20142.927494919997
20261007,412A,NEXT FUNDS TIP FactSet Taiwan Innovative Technology 50 Index Exchange Traded Fund,-191554672465.70062
20261007,447A,State Street SPDR Gold ETF (JPY Unhedged),0.0
20261007,448A,State Street SPDR Gold ETF (JPY Hedged),598238169.6624273
20261007,449A,State Street SPDR S&P 500 ETF (JPY Unhedged),-63925329.2480459
20261007,450A,State Street SPDR S&P 500 ETF (JPY Hedged),24774675340.578075
20261007,451A,State Street SPDR S&P 500 High Dividend ETF (JPY Unhedged),70052.2
20261007,461A,MAXIS Japan Equity High Dividend SMART 50 ETF,15303.602400430513
20261007,486A,NEXT FUNDS EURO STOXX 50 (Unhedged) Exchange Traded Fund,-1739248897.9826066
20261007,487A,NEXT FUNDS German Equity DAX (Unhedged) Exchange Traded Fund,-3997040623.5553517
20261007,488A,iShares Yen Appreciation Focus ETF,-146527413312.49927
20261007,491A,iShares S&P 500 Ex-Financials JPY Hedged ETF,6325938861.824999
20261007,502A,Global X JPY Ultra Short-Term Bond ETF,19936994000.0
20261007,530A,NZAM ETF J-REIT Index (2 5 8 11),85053600.0
20261007,531A,NZAM ETF Nikkei High Dividend 50,0.0
20261007,532A,NZAM ETF TOPIX High Dividend 40,0.0
20261007,552A,MAXIS US AI Infrastructure Equity ETF,554401.3129318876
20261007,563A,Global X Nasdaq 100 Daily Covered Call ETF,444008696.22186095
20261007,576A,Global X China Tech Covered Call ETF,2497024.8833365
20261007,605A,NEXT FUNDS Japan Equity Policy Focus Exchange Traded Fund,3603700.0
20261007,606A,Gold 2x Bull ETF,215050.0
20261007,612A,One ETF JGB Futures Short Index,0.0
20261007,633A,Global X Korea Semiconductor Top 10 ETF,7903058622.874246
20261007,639A,NEXT FUNDS Solactive Global Memory Index Exchange Traded Fund,-28214904350.587128
20261008,1306,TOPIX ETF,-8562704800.0
20261008,1311,TOPIX Core 30 Exchange Traded,-212224350.0
20261008,1325,NEXT FUNDS Ibovespa Linked Exchange Traded Fund,-1139550068.4988918
20261008,1328,NEXT FUNDS Gold Price Exchange Traded Fund,-1383606453849.5066
20261008,1329,iShares Nikkei 225 ETF,-12465386640.0
20261008,1343,NEXT FUNDS REIT INDEX ETF,2067653000.0
20261008,1346,MAXIS NIKKEI225 ETF,-4155128880.0
20261008,1348,MAXIS TOPIX ETF,7848149170.0
20261008,1356,TOPIX Bear -2x ETF,-24984.0
20261008,1357,NEXT FUNDS Nikkei 225 Double Inverse Index Exchange Traded Fund,-10202200.0
20261008,1360,Nikkei225 Bear -2x ETF,-2251520.0
20261008,1364,iShares JPX-Nikkei 400 ETF,-3845405000.0
20261008,1369,One ETF Nikkei225,-985040.0
20261008,1398,SMAM REIT Index ETF,509648200.0
20261008,1458,Rakuten ETF-Nikkei 225 Leveraged Index,-1970080.0
20261008,1459,Rakuten ETF-Nikkei 225 Double Inverse Index,-2251520.0
20261008,1469,JPX-Nikkei 400 Bear -2x Double Inverse ETF,-74860.0
20261008,1472,NEXT FUNDS JPX-Nikkei 400 Double Inverse Index Exchange Traded Fund,-37430.0
20261008,1476,iShares Japan REIT ETF,-1979101700.0
20261008,1478,iShares MSCI Japan High Dividend ETF,1933750.0
20261008,1482,iShares US Treasury Bond 7-10 Year JPY Hedged ETF,-899007611369.0775
20261008,1484,One ETF JPX/S&P CAPEX & Human Capital Index,496954982.0
20261008,1489,NEXT FUNDS Nikkei 225 High Dividend Yield Stock 50 Index Exchange Traded Fund,-3588917520.0
20261008,1498,One ETF ESG,-264754830.0
20261008,1545,NEXT FUNDS NASDAQ-100,-232888226333.3601
20261008,1546,NEXT FUNDS Dow Jones Industrial Average Exchange Traded Fund,-64800501444.31559
20261008,1550,MAXIS Global Equity (MSCI Kokusai),4508551350.92843
20261008,1559,NEXT FUNDS Thai Stock SET50 Exchange Traded Fund,-6846817869.127281
20261008,1560,NEXT FUNDS FTSE Bursa Malaysia KLCI Exchange Traded Fund,-1250806548.0293975
20261008,1568,TOPIX Bull 2x ETF,-108264.0
20261008,1569,TOPIX Bear -1x ETF,-4164.0
20261008,1570,NEXT FUNDS Nikkei 225 Leveraged Index Exchange Traded Fund,-70008200.0
20261008,1571,NEXT FUNDS Nikkei 225 Inverse Index Exchange Traded Fund,-351800.0
20261008,1572,China Bull 2x HSCEI ETF,-16216.0
20261008,1573,China Bear -1x HSCEI ETF,-8108.0
20261008,1579,Nikkei 225 Bull 2x ETF,-5769520.0
20261008,1580,Nikkei 225 Bear -1x ETF,-140720.0
20261008,1591,NEXT FUNDS JPX-Nikkei Index 400 Exchange Traded Fund,-235809000.0
20261008,1593,MAXIS JPX-Nikkei Index 400 ETF,-37430.0
20261008,1597,MAXIS J-REIT ETF,102177749.0
20261008,159A,NEXT FUNDS JPX Prime 150 Index Exchange Traded Fund,-22841.0
20261008,1615,TOPIX Banks,-5411789340.0
20261008,1618,NEXT FUNDS TOPIX-17 ENERGY RESOURCES ETF,-70496200.0
20261008,1623,NEXT FUNDS TOPIX-17 STEEL & NONFERROUS ETF,-66809080.0
20261008,1627,NEXT FUNDS TOPIX-17 ELECTRIC POWER & GAS ETF,-95211020.0
20261008,1629,NEXT FUNDS TOPIX-17 COMMERCIAL & WHOLESALE TRADE ETF,-129726400.0
20261008,1631,NEXT FUNDS TOPIX-17 BANKS ETF,-120797750.0
20261008,1655,iShares S&P 500 ETF,-3468999.82
20261008,1656,iShares Core 7-10 Year US Treasury Bond ETF,-4813320598.600001
20261008,1657,iShares Core MSCI Kokusai ETF,4362135.25
20261008,1658,iShares Core MSCI Emerging Markets IMI ETF,-4244685.5
20261008,1659,iShares US REIT ETF,1287717.06
20261008,1678,NEXT FUNDS Nifty Linked Exchange Traded Fund,-2581299868070.5195
20261008,1699,NEXT FUNDS NOMURA Crude Oil Long Index Linked Exchange Traded Fund,18261118486.377975
20261008,170A,SMT ETF Japan Equity Income Strategy Active,-676637.706538898
20261008,179A,Global X 25+ Year T-Bond ETF (JPY Hedged),0.0
20261008,180A,Global X 25+ Year T-Bond ETF,0.0
20261008,181A,MAXIS US Treasury Bond 1-3 Year ETF (Unhedged),615041.0737565857
20261008,182A,MAXIS US Treasury Bond 20+ Year ETF (Unhedged),2159179.078351914
20261008,183A,MAXIS US Treasury Bond 20+ Year ETF (JPY Hedged),-4708031706.590999
20261008,2011,SMDAM Active ETF Japan High Dividend Equity,1489000.0
20261008,2012,iShares 0-3 Month US Treasury Bond ETF,485207839.8999995
20261008,2082,Investor-Management Unite as One ETF,-91022060.0
20261008,2083,NEXT FUNDS Japan Growth Equity Active Exchange Traded Fund,-149466000.0
20261008,2084,NEXT FUNDS Japan High Dividend Equity Active Exchange Traded Fund,-229968550.0
20261008,221A,MAXIS Nikkei Semiconductor Stock (Japan) ETF,-127220643.92134342
20261008,2241,MAXIS NY Dow Industrial Average ETF,1095751.3042492447
20261008,2242,MAXIS NY Dow Industrial Average ETF (JPY Hedged),3236813988.369545
20261008,2245,NEXT FUNDS Bloomberg Germany Treasury Bond (7-10 year) Index (Yen-Hedged) Exchange Traded Fund,-130985862.5817574
20261008,2255,iShares 20+ Year US Treasury Bond ETF,1712788523.5000002
20261008,2256,iShares US Aggregate Bond ETF,48972.84
20261008,2257,iShares USD Investment Grade Corporate Bond ETF,30698.149999999998
20261008,2258,iShares USD High Yield Corporate Bond ETF,-1163815.21
20261008,2259,iShares 7-10 Year France Government Bond JPY Hedged ETF,-18249621188.802002
20261008,237A,iShares 25+ Year US Treasury Bond Long Duration ETF,2042453036.9999998
20261008,238A,iShares 25+ Year US Treasury Bond Long Duration JPY Hedged ETF,-155375226289.222
20261008,2510,NEXT FUNDS Japan Bond NOMURA-BPI Exchange Traded Fund,6294153026.797673
20261008,2511,NEXT FUNDS International Bond FTSE World Government Bond Index (ex Japan Unhedged) Exchange Traded Fund,-78094112766.94118
20261008,2512,NEXT FUNDS International Bond FTSE World Government Bond Index (ex Japan Yen-Hedged) Exchange Traded Fund,51700739387296.46
20261008,2513,NEXT FUNDS International Equity MSCI-KOKUSAI (Unhedged) Exchange Traded Fund,-491884796001.70233
20261008,2514,NEXT FUNDS International Equity MSCI-KOKUSAI (Yen-Hedged) Exchange Traded Fund,2425856797874.984
20261008,2515,NEXT FUNDS International REIT S&P Developed REIT Index (ex Japan Unhedged) Exchange Traded Fund,-5534581311.329022
20261008,2519,NEXT FUNDS Emerging Market Bond J.P. Morgan EMBI Plus (Unhedged) Exchange Traded Fund,-9388807.589048276
20261008,2520,NEXT FUNDS Emerging Market Equity MSCI-EM (Unhedged) Exchange Traded Fund,-114045209839.70145
20261008,2525,NZAM ETF Nikkei 225,-2077564440.0
20261008,2527,NZAM ETF J-REIT Core Index,-98744100.0
20261008,2529,NEXT FUNDS Nomura Shareholder Yield 70 Exchange Traded Fund,-37476.0
20261008,2553,One ETF Southern China A-Share CSI 500,0.0
20261008,2554,NEXT FUNDS Bloomberg Barclays US Intermediate Corporate Index (JPY Hedged) Exchange Traded Fund,44301691.62187542
20261008,2556,One ETF Tokyo Stock Exchange REIT Index,24100.0
20261008,2558,MAXIS S&P500 US Equity,325033365.7357883
20261008,2559,MAXIS World Equity (MSCI ACWI),-556671270466.8234
20261008,2563,iShares S&P 500 JPY Hedged ETF,89158811112.59
20261008,257A,SMT ETF Selected Japan Equity Active,-2025710.4626824006
20261008,258A,SMT ETF Selected J-REIT Active,-1824000.0
20261008,2620,iShares 1-3 Year US Treasury Bond ETF,1442482892.400001
20261008,2621,iShares 20+ Year US Treasury Bond JPY Hedged ETF,-2870114811024.392
20261008,2630,MAXIS S&P500 US Equity (JPY Hedged),2512943483.5008016
20261008,2631,MAXIS NASDAQ100,254966513.00955716
20261008,2632,MAXIS NASDAQ100 (JPY Hedged),15196569546.304783
20261008,2633,NEXT FUNDS S&P 500 (Unhedged) Exchange Traded Fund,-30030509606.480816
20261008,2634,NEXT FUNDS S&P 500 (Yen-Hedged) Exchange Traded Fund,1965503749433.9568
20261008,2647,NEXT FUNDS Bloomberg US Treasury Bond (7-10 year) Index (Unhedged) Exchange Traded Fund,1540305.2201189583
20261008,2648,NEXT FUNDS Bloomberg US Treasury Bond (7-10 year) Index (Yen-Hedged) Exchange Traded Fund,81487913.84218149
20261008,2649,iShares Ginnie Mae MBS JPY Hedged ETF,67162.59000015259
20261008,273A,SBI Saudi Arabia Equity Exchange Traded Fund,-14058.427108768323
20261008,2838,MAXIS 7-10 Year US Treasury Bond ETF (Unhedged),1200247.5751480074
20261008,2839,MAXIS 7-10 Year US Treasury Bond ETF (Hedged),1108804.2036700381
20261008,2845,NEXT FUNDS NASDAQ-100(R) (Yen-Hedged) Exchange Traded Fund,1296306078038.2078
20261008,2846,NEXT FUNDS DJIA (Yen-Hedged) Exchange Traded Fund,4609063927567.359
20261008,2853,iShares Climate Risk-Adjusted Global ex Japan Government Bond JPY Hedged ETF,14169912526347.47
20261008,2856,iShares 3-7 Year US Treasury Bond JPY Hedged ETF,-388624785965.7615
20261008,2857,iShares Germany Government Bond JPY Hedged ETF,-238517710452.256
20261008,2858,Global X Nikkei 225 Covered Call ETF (option premium reinvestment type),1310600.0
20261008,2859,NEXT FUNDS EURO STOXX 50 (Yen-Hedged) Exchange Traded Fund,203920313204.13138
20261008,2860,NEXT FUNDS German Equity DAX (Yen-Hedged) Exchange Traded Fund,926760119909.8835
20261008,295A,One ETF FTSE Saudi Arabia ETF,-11291109.94
20261008,346A,NEXT FUNDS S&P 500 Semiconductors & Semiconductor Equipment (Industry Group) 35% Capped Index Exchange Traded Fund,-9279456458.098364
20261008,348A,MAXIS Yomiuri333 Japan Stock ETF,2062632.1795718204
20261008,364A,NEXT FUNDS S&P 500 Dividend Aristocrats Index Exchange Traded Fund,-494516789.89787096
20261008,376A,NEXT FUNDS Bloomberg US Treasury Bond (7-10 year) Index (75% Yen-Hedged) Exchange Traded Fund,222762575.47941056
20261008,380A,Global X China Tech ETF,255787.2880556
20261008,383A,MAXIS S&P500 Equal Weight ETF,6059706.407517928
20261008,404A,Global X China Tech Top 10 ETF,20158.438359319996
20261008,408A,iShares A.I. Global Innovation Active ETF,-1838169.99
20261008,412A,NEXT FUNDS TIP FactSet Taiwan Innovative Technology 50 Index Exchange Traded Fund,-110695561509.22838
20261008,447A,State Street SPDR Gold ETF (JPY Unhedged),265159.2
20261008,448A,State Street SPDR Gold ETF (JPY Hedged),594250329.4766258
20261008,449A,State Street SPDR S&P 500 ETF (JPY Unhedged),-120315082.5589057
20261008,450A,State Street SPDR S&P 500 ETF (JPY Hedged),27397693970.616093
20261008,451A,State Street SPDR S&P 500 High Dividend ETF (JPY Unhedged),0.0
20261008,452A,iShares S&P 500 Premium Income ETF,-712528.1799999999
20261008,461A,MAXIS Japan Equity High Dividend SMART 50 ETF,22973.622988995907
20261008,486A,NEXT FUNDS EURO STOXX 50 (Unhedged) Exchange Traded Fund,-1749394795.1399364
20261008,487A,NEXT FUNDS German Equity DAX (Unhedged) Exchange Traded Fund,-4034002974.1135345
20261008,488A,iShares Yen Appreciation Focus ETF,-146520467611.08716
20261008,491A,iShares S&P 500 Ex-Financials JPY Hedged ETF,-72639.6500005722
20261008,493A,One ETF Japanese Government Bond 1-3 years,50712500.0
20261008,494A,One ETF Japanese Government Bond 3-7 years,49112000.0
20261008,495A,One ETF Japanese Government Bond 7-10 years,106730500.0
20261008,526A,JPX Startup100 ETF,-1925290.0
20261008,531A,NZAM ETF Nikkei High Dividend 50,0.0
20261008,532A,NZAM ETF TOPIX High Dividend 40,0.0
20261008,552A,MAXIS US AI Infrastructure Equity ETF,259752.64682357936
20261008,563A,Global X Nasdaq 100 Daily Covered Call ETF,440732207.5933448
20261008,570A,iShares 0-1 Year Japan Government Bond ETF,10978460700.0
20261008,576A,Global X China Tech Covered Call ETF,31.62049999998999
20261008,586A,NEXT FUNDS Nikkei Japan Entertainment Content Stock Index Exchange Traded Fund,-75970650.0
20261008,605A,NEXT FUNDS Japan Equity Policy Focus Exchange Traded Fund,22194260.0
20261008,606A,Gold 2x Bull ETF,0.0
20261008,612A,One ETF JGB Futures Short Index,0.0
20261008,633A,Global X Korea Semiconductor Top 10 ETF,722188.5721616001
20261008,639A,NEXT FUNDS Solactive Global Memory Index Exchange Traded Fund,-13740002253.799337
20261009,1321,Nikkei 225 Exchange Traded Fund,-30721348650.0
20261009,1325,NEXT FUNDS Ibovespa Linked Exchange Traded Fund,-1143220487.1871612
20261009,1328,NEXT FUNDS Gold Price Exchange Traded Fund,-1380757224303.1284
20261009,1329,iShares Nikkei 225 ETF,-2073000.0
20261009,1343,NEXT FUNDS REIT INDEX ETF,671595200.0
20261009,1346,MAXIS NIKKEI225 ETF,-4096179820.0
20261009,1348,MAXIS TOPIX ETF,-4091.0
20261009,1356,TOPIX Bear -2x ETF,-24546.0
20261009,1357,NEXT FUNDS Nikkei 225 Double Inverse Index Exchange Traded Fund,-8153800.0
20261009,1360,Nikkei225 Bear -2x ETF,-2902200.0
20261009,1364,iShares JPX-Nikkei 400 ETF,1896501280.0
20261009,1458,Rakuten ETF-Nikkei 225 Leveraged Index,-621900.0
20261009,1459,Rakuten ETF-Nikkei 225 Double Inverse Index,-1036500.0
20261009,1469,JPX-Nikkei 400 Bear -2x Double Inverse ETF,-146940.0
20261009,1472,NEXT FUNDS JPX-Nikkei 400 Double Inverse Index Exchange Traded Fund,-110205.0
20261009,1474,One ETF JPX-Nikkei400,1053160.0
20261009,1476,iShares Japan REIT ETF,-684623200.0
20261009,1478,iShares MSCI Japan High Dividend ETF,263867240.0
20261009,1482,iShares US Treasury Bond 7-10 Year JPY Hedged ETF,-944917017505.3589
20261009,1489,NEXT FUNDS Nikkei 225 High Dividend Yield Stock 50 Index Exchange Traded Fund,527337890.0
20261009,1494,One ETF High Dividend Japan Equity,-159549.0
20261009,1545,NEXT FUNDS NASDAQ-100,-232761461165.69946
20261009,1546,NEXT FUNDS Dow Jones Industrial Average Exchange Traded Fund,-65987860768.185776
20261009,1550,MAXIS Global Equity (MSCI Kokusai),2974110816.1529565
20261009,1559,NEXT FUNDS Thai Stock SET50 Exchange Traded Fund,-6864456980.558045
20261009,1560,NEXT FUNDS FTSE Bursa Malaysia KLCI Exchange Traded Fund,-1236899472.4846058
20261009,1568,TOPIX Bull 2x ETF,-114548.0
20261009,1569,TOPIX Bear -1x ETF,-8182.0
20261009,1570,NEXT FUNDS Nikkei 225 Leveraged Index Exchange Traded Fund,-35033700.0
20261009,1571,NEXT FUNDS Nikkei 225 Inverse Index Exchange Traded Fund,-414600.0
20261009,1572,China Bull 2x HSCEI ETF,-32276.0
20261009,1573,China Bear -1x HSCEI ETF,-16138.0
20261009,1579,Nikkei 225 Bull 2x ETF,-3040400.0
20261009,1580,Nikkei 225 Bear -1x ETF,-138200.0
20261009,1593,MAXIS JPX-Nikkei Index 400 ETF,-36735.0
20261009,1595,NZAM ETF J-REIT Index,1021014200.0
20261009,1597,MAXIS J-REIT ETF,711368600.0
20261009,159A,NEXT FUNDS JPX Prime 150 Index Exchange Traded Fund,-868606270.0
20261009,1615,TOPIX Banks,629369400.0
20261009,1618,NEXT FUNDS TOPIX-17 ENERGY RESOURCES ETF,69133450.0
20261009,1655,iShares S&P 500 ETF,-1227852.34
20261009,1656,iShares Core 7-10 Year US Treasury Bond ETF,-715317028.099999
20261009,1660,MAXIS High Yield J-REIT ETF,-1641.5
20261009,1678,NEXT FUNDS Nifty Linked Exchange Traded Fund,-1944032315205.5493
20261009,1699,NEXT FUNDS NOMURA Crude Oil Long Index Linked Exchange Traded Fund,14335806889.634274
20261009,170A,SMT ETF Japan Equity Income Strategy Active,-968200.1700318942
20261009,179A,Global X 25+ Year T-Bond ETF (JPY Hedged),810027.2023047066
20261009,180A,Global X 25+ Year T-Bond ETF,81.84019529349999
20261009,181A,MAXIS US Treasury Bond 1-3 Year ETF (Unhedged),33491015.909821954
20261009,182A,MAXIS US Treasury Bond 20+ Year ETF (Unhedged),3851223.3299073526
20261009,183A,MAXIS US Treasury Bond 20+ Year ETF (JPY Hedged),-6488711.981947375
20261009,200A,NEXT FUNDS Nikkei Semiconductor Stock Index Exchange Traded Fund,-13466039150.0
20261009,2012,iShares 0-3 Month US Treasury Bond ETF,-20902931423.7
20261009,2083,NEXT FUNDS Japan Growth Equity Active Exchange Traded Fund,38138900.0
20261009,2084,NEXT FUNDS Japan High Dividend Equity Active Exchange Traded Fund,6661450.0
20261009,2094,TSE REIT Inverse ETF,-4924.5
20261009,221A,MAXIS Nikkei Semiconductor Stock (Japan) ETF,1481582.5336274228
20261009,2241,MAXIS NY Dow Industrial Average ETF,5133534.309662398
20261009,2242,MAXIS NY Dow Industrial Average ETF (JPY Hedged),4635926799.667782
20261009,2245,NEXT FUNDS Bloomberg Germany Treasury Bond (7-10 year) Index (Yen-Hedged) Exchange Traded Fund,-357994309.802062
20261009,2255,iShares 20+ Year US Treasury Bond ETF,2562217173.6
20261009,2258,iShares USD High Yield Corporate Bond ETF,415510.31999999995
20261009,2259,iShares 7-10 Year France Government Bond JPY Hedged ETF,-21520134456.184
20261009,236A,iShares 7-10 Year Japan Government Bond ETF,159771241450.0
20261009,237A,iShares 25+ Year US Treasury Bond Long Duration ETF,876118815.4999999
20261009,238A,iShares 25+ Year US Treasury Bond Long Duration JPY Hedged ETF,-174910328454.69678
20261009,2510,NEXT FUNDS Japan Bond NOMURA-BPI Exchange Traded Fund,266923491731.8037
20261009,2511,NEXT FUNDS International Bond FTSE World Government Bond Index (ex Japan Unhedged) Exchange Traded Fund,-61516302070.08116
20261009,2512,NEXT FUNDS International Bond FTSE World Government Bond Index (ex Japan Yen-Hedged) Exchange Traded Fund,51636234784842.95
20261009,2513,NEXT FUNDS International Equity MSCI-KOKUSAI (Unhedged) Exchange Traded Fund,-550371120642.2272
20261009,2514,NEXT FUNDS International Equity MSCI-KOKUSAI (Yen-Hedged) Exchange Traded Fund,2415053529174.7583
20261009,2515,NEXT FUNDS International REIT S&P Developed REIT Index (ex Japan Unhedged) Exchange Traded Fund,-3188827161.892796
20261009,2517,MAXIS J-REIT Core ETF,-1641.5
20261009,2519,NEXT FUNDS Emerging Market Bond J.P. Morgan EMBI Plus (Unhedged) Exchange Traded Fund,-11531141.157100093
20261009,2520,NEXT FUNDS Emerging Market Equity MSCI-EM (Unhedged) Exchange Traded Fund,-113366843015.32031
20261009,2524,NZAM ETF TOPIX,-11880000.0
20261009,2527,NZAM ETF J-REIT Core Index,-98165100.0
20261009,2529,NEXT FUNDS Nomura Shareholder Yield 70 Exchange Traded Fund,-679263080.0
20261009,2553,One ETF Southern China A-Share CSI 500,0.0
20261009,2554,NEXT FUNDS Bloomberg Barclays US Intermediate Corporate Index (JPY Hedged) Exchange Traded Fund,20580312.94164983
20261009,2556,One ETF Tokyo Stock Exchange REIT Index,-2132308.5
20261009,2558,MAXIS S&P500 US Equity,-66818337.76473784
20261009,2559,MAXIS World Equity (MSCI ACWI),-72533645822.92671
20261009,2563,iShares S&P 500 JPY Hedged ETF,92775854102.04002
20261009,2567,NZAM ETF S&P JPX Carbon Efficient Index,-594000.0
20261009,257A,SMT ETF Selected Japan Equity Active,2920054.5573533
20261009,2620,iShares 1-3 Year US Treasury Bond ETF,1442433608.2
20261009,2621,iShares 20+ Year US Treasury Bond JPY Hedged ETF,-3008909406571.435
20261009,2630,MAXIS S&P500 US Equity (JPY Hedged),96226860.3099114
20261009,2631,MAXIS NASDAQ100,-74038818.58056815
20261009,2632,MAXIS NASDAQ100 (JPY Hedged),-2111278778.1603174
20261009,2633,NEXT FUNDS S&P 500 (Unhedged) Exchange Traded Fund,-30172619784.026382
20261009,2634,NEXT FUNDS S&P 500 (Yen-Hedged) Exchange Traded Fund,1959764448720.3423
20261009,2647,NEXT FUNDS Bloomberg US Treasury Bond (7-10 year) Index (Unhedged) Exchange Traded Fund,1535445.091195993
20261009,2648,NEXT FUNDS Bloomberg US Treasury Bond (7-10 year) Index (Yen-Hedged) Exchange Traded Fund,81254793.17368463
20261009,2649,iShares Ginnie Mae MBS JPY Hedged ETF,0.0
20261009,273A,SBI Saudi Arabia Equity Exchange Traded Fund,52978.45703841079
20261009,2838,MAXIS 7-10 Year US Treasury Bond ETF (Unhedged),938123.0624624591
20261009,2839,MAXIS 7-10 Year US Treasury Bond ETF (Hedged),869942.6479335132
20261009,2845,NEXT FUNDS NASDAQ-100(R) (Yen-Hedged) Exchange Traded Fund,1287386121064.8499
20261009,2846,NEXT FUNDS DJIA (Yen-Hedged) Exchange Traded Fund,4574961988807.097
20261009,2853,iShares Climate Risk-Adjusted Global ex Japan Government Bond JPY Hedged ETF,14158449528997.37
20261009,2856,iShares 3-7 Year US Treasury Bond JPY Hedged ETF,-404717067719.6365
20261009,2857,iShares Germany Government Bond JPY Hedged ETF,-241839663461.178
20261009,2858,Global X Nikkei 225 Covered Call ETF (option premium reinvestment type),1337300.0
20261009,2859,NEXT FUNDS EURO STOXX 50 (Yen-Hedged) Exchange Traded Fund,200411794918.39493
20261009,2860,NEXT FUNDS German Equity DAX (Yen-Hedged) Exchange Traded Fund,911921601197.7579
20261009,295A,One ETF FTSE Saudi Arabia ETF,879919.94
20261009,346A,NEXT FUNDS S&P 500 Semiconductors & Semiconductor Equipment (Industry Group) 35% Capped Index Exchange Traded Fund,-9765260702.33086
20261009,348A,MAXIS Yomiuri333 Japan Stock ETF,-737522.1658455147
20261009,364A,NEXT FUNDS S&P 500 Dividend Aristocrats Index Exchange Traded Fund,-497599659.39502937
20261009,376A,NEXT FUNDS Bloomberg US Treasury Bond (7-10 year) Index (75% Yen-Hedged) Exchange Traded Fund,-95514496.17203723
20261009,380A,Global X China Tech ETF,250679.8056332
20261009,383A,MAXIS S&P500 Equal Weight ETF,51159907.66796966
20261009,404A,Global X China Tech Top 10 ETF,19537.804381
20261009,408A,iShares A.I. Global Innovation Active ETF,138441.24
20261009,412A,NEXT FUNDS TIP FactSet Taiwan Innovative Technology 50 Index Exchange Traded Fund,-110033091413.41643
20261009,447A,State Street SPDR Gold ETF (JPY Unhedged),0.0
20261009,448A,State Street SPDR Gold ETF (JPY Hedged),594238368.8188759
20261009,449A,State Street SPDR S&P 500 ETF (JPY Unhedged),-100678247.53167705
20261009,450A,State Street SPDR S&P 500 ETF (JPY Hedged),27280537158.286564
20261009,451A,State Street SPDR S&P 500 High Dividend ETF (JPY Unhedged),0.0
20261009,453A,iShares 20+ Year US Treasury Bond Premium Income ETF,621172.09
20261009,461A,MAXIS Japan Equity High Dividend SMART 50 ETF,6843.471643604249
20261009,486A,NEXT FUNDS EURO STOXX 50 (Unhedged) Exchange Traded Fund,-1734541941.1834033
20261009,487A,NEXT FUNDS German Equity DAX (Unhedged) Exchange Traded Fund,-4008606826.1031036
20261009,488A,iShares Yen Appreciation Focus ETF,-257987370455.44846
20261009,491A,iShares S&P 500 Ex-Financials JPY Hedged ETF,9381378794.859997
20261009,502A,Global X JPY Ultra Short-Term Bond ETF,19938256000.0
20261009,531A,NZAM ETF Nikkei High Dividend 50,0.0
20261009,532A,NZAM ETF TOPIX High Dividend 40,0.0
20261009,541A,One ETF Topix High Dividend Growth Index,-61365.0
20261009,552A,MAXIS US AI Infrastructure Equity ETF,-126181.89095460312
20261009,563A,Global X Nasdaq 100 Daily Covered Call ETF,441793767.04039276
20261009,569A,iShares Platinum ETF,206497.81999999998
20261009,570A,iShares 0-1 Year Japan Government Bond ETF,17940263400.0
20261009,576A,Global X China Tech Covered Call ETF,9817509.396105
20261009,605A,NEXT FUNDS Japan Equity Policy Focus Exchange Traded Fund,18950600.0
20261009,606A,Gold 2x Bull ETF,171808.0
20261009,611A,One ETF Japanese Government Bond 27-30 years,9544785500.0
20261009,612A,One ETF JGB Futures Short Index,0.0
20261009,633A,Global X Korea Semiconductor Top 10 ETF,723934.90839674
20261009,639A,NEXT FUNDS Solactive Global Memory Index Exchange Traded Fund,-13834176469.427248
